date,11,12,13,14,21,22,23,24,31,32,33,34,41,42,43,44
196207,2.27,-8.57,-2.09,-2.93,0.82,-6.30,-3.96,0.94,-4.21,-3.84,-1.44,-4.38,-1.96,-4.97,-4.00,-13.47
196208,-4.76,3.27,2.72,3.80,1.86,-1.15,0.96,-0.30,-3.08,-2.59,1.49,2.26,-0.82,-1.25,1.19,-2.93
196209,-3.02,-0.28,-5.11,-6.88,-3.44,-1.62,-4.09,-8.85,-0.65,-4.05,-6.13,-4.74,-5.62,-3.10,3.56,-3.41
196210,-3.89,-7.73,-6.27,-4.37,-5.18,-6.99,-3.56,-3.16,-3.06,-5.75,-4.40,-4.98,-2.54,-4.00,1.81,-3.77
196211,13.19,13.59,17.68,28.34,16.60,17.28,22.54,22.71,5.39,14.68,17.74,15.60,7.75,11.38,7.63,12.65
196212,-0.82,-1.52,-1.70,-3.48,0.11,-0.15,-5.45,-4.21,-2.57,0.21,-3.73,-2.21,-2.85,-3.14,-7.61,-1.55
196301,2.12,-0.98,-0.35,-3.63,0.92,-2.62,-0.54,-3.71,-3.71,-6.26,-2.81,-1.56,-3.07,-2.13,-0.43,-6.32
196302,7.26,-0.16,-3.88,-5.20,-3.48,-2.44,-3.76,-3.92,-7.13,-1.69,-2.33,-0.66,-5.59,-4.37,-0.82,-6.13
196303,-2.84,4.01,5.50,5.13,-0.53,0.02,3.04,2.05,0.85,1.88,0.62,0.72,-1.05,2.59,0.54,-0.64
196304,1.77,4.33,1.08,0.76,0.08,1.65,2.61,2.30,2.41,0.91,5.52,2.99,2.74,0.40,-0.22,0.24
196305,6.52,7.39,7.59,13.59,7.20,6.62,10.18,9.91,3.95,5.54,8.01,10.90,5.64,4.22,1.84,10.18
196306,0.41,-0.20,-1.56,-0.99,-3.18,-0.13,-2.29,-0.80,-1.32,-1.18,-1.45,-0.75,1.87,-0.43,-1.14,-4.17
196307,0.77,2.31,1.39,3.59,3.49,2.39,4.38,7.86,0.80,4.67,4.20,7.17,3.39,3.72,2.25,10.11
196308,2.09,9.61,2.65,2.28,5.36,6.08,3.40,3.32,8.81,3.90,5.83,2.99,4.23,5.45,9.46,9.67
196309,0.86,0.93,-0.28,1.31,-0.72,4.58,1.81,1.24,4.56,1.75,2.40,1.79,3.43,3.81,0.82,3.85
196310,-1.44,-2.53,-1.30,-2.60,0.88,-2.60,-2.65,-2.24,-3.23,-2.86,-2.61,-4.25,-2.52,-2.31,-3.03,6.09
196311,-2.66,-1.98,-1.79,-3.59,0.39,-1.74,-2.24,-3.33,-2.25,-2.44,-2.08,-5.13,-1.43,-3.47,-4.59,-5.80
196312,1.65,0.58,2.36,3.76,0.44,-0.05,2.67,1.68,2.31,1.98,2.65,5.18,2.27,0.91,0.16,2.15
196401,3.93,4.31,1.73,2.58,4.08,4.87,7.70,6.22,7.37,6.37,6.12,4.43,9.82,8.86,8.14,-2.39
196402,-1.31,3.26,-0.51,-0.30,1.23,1.20,2.12,1.52,3.13,4.53,3.06,1.98,4.62,4.59,8.02,2.80
196403,4.63,0.82,1.53,2.44,2.96,2.35,3.59,1.82,9.90,3.35,3.28,3.34,6.44,3.58,-1.32,0.87
196404,1.54,1.94,-2.19,-2.59,-1.79,-0.86,-2.54,-1.86,-0.78,-0.04,-0.23,-0.98,0.88,2.08,-0.74,1.50
196405,0.25,0.73,-1.55,-1.45,2.81,-0.69,-2.65,-2.38,-6.67,-2.28,-3.17,-2.42,-0.71,-3.36,-6.06,3.72
196406,-0.75,-0.92,-0.92,-2.23,3.06,-3.36,-0.29,-0.89,0.25,0.76,-0.69,-2.02,0.10,-0.18,1.42,-1.97
196407,1.57,0.42,4.01,0.81,2.28,6.03,3.20,2.66,1.17,2.74,1.86,0.17,5.33,4.48,2.74,-7.17
196408,1.85,2.42,2.00,2.50,0.28,1.20,2.86,1.43,0.06,2.85,2.98,6.01,3.14,5.18,3.91,8.70
196409,1.61,-0.61,-0.46,-0.90,0.68,1.76,-0.83,-0.09,2.27,0.53,0.48,-0.27,-0.19,-0.93,1.17,0.29
196410,-0.94,-0.39,-2.89,-3.77,-0.90,-3.37,-3.21,-3.88,2.01,-1.41,-3.04,-5.40,-3.31,-4.75,-2.29,-3.07
196411,-1.19,-1.41,-0.85,-1.51,-1.30,-0.98,-0.20,-1.33,-4.71,-2.83,-0.45,-1.02,-2.02,-2.42,-2.72,-0.02
196412,-2.43,-1.13,1.05,2.35,1.67,3.91,1.95,0.22,-1.68,2.37,-2.04,2.53,-0.23,-3.95,0.51,-1.92
196501,1.22,0.41,0.04,-0.89,-0.35,-0.52,0.45,-0.95,0.20,0.44,-1.56,-0.28,-0.31,-0.05,0.04,3.93
196502,0.03,-2.32,-2.55,-2.34,-1.67,-0.97,-2.53,-4.77,-0.18,-3.11,-2.58,-2.01,-2.54,-0.68,-1.83,-2.17
196503,-1.29,-1.44,-2.94,-1.33,0.80,-1.53,-2.28,-3.63,-5.55,-1.34,0.62,-1.84,-1.81,-1.94,-0.86,-5.21
196504,0.15,-0.06,0.02,-1.39,0.84,-0.47,-1.10,-1.71,-0.48,-1.32,-0.18,0.34,-1.65,1.22,-1.03,2.86
196505,0.02,-1.65,-1.02,-2.45,-1.54,-1.27,0.02,-1.86,0.16,0.82,0.29,-0.25,-0.16,-0.81,-0.17,-1.18
196506,-1.18,-3.74,-3.81,-6.10,0.01,-2.72,-3.84,-3.71,-2.82,-4.46,-3.56,-3.16,-1.75,-5.74,-0.75,-2.10
196507,-0.28,0.73,1.19,0.94,-1.18,3.81,2.36,4.93,1.93,1.86,1.38,1.44,1.08,3.40,4.05,9.69
196508,1.49,0.35,2.73,1.02,2.02,2.68,2.78,2.37,-2.44,1.33,1.06,1.22,0.86,0.95,-0.41,1.32
196509,-1.59,-0.29,-0.08,-0.76,1.72,-2.54,-1.54,-0.95,0.06,-0.92,-1.83,-0.21,0.06,0.47,0.78,0.65
196510,-3.62,0.46,-2.35,-6.72,0.11,-1.27,-3.43,-5.32,-0.12,-1.54,-2.39,-3.47,-2.58,-0.81,-4.34,-4.37
196511,-2.75,-3.70,-2.73,-2.78,-4.25,-4.99,-2.81,-2.82,-0.08,-4.50,-5.52,-4.79,-2.64,-6.15,-6.20,-2.92
196512,0.68,-0.34,-0.57,2.04,-0.09,1.88,0.33,-1.37,-1.96,1.33,2.11,0.01,0.39,3.44,8.30,-6.86
196601,0.10,3.14,4.44,5.62,0.13,0.52,3.95,6.87,1.99,0.65,3.06,4.97,0.73,-0.80,-3.00,0.71
196602,0.46,2.07,2.68,1.90,1.41,2.96,4.38,3.58,2.50,2.63,1.97,5.12,-0.18,2.20,-0.34,6.64
196603,-0.02,-0.61,-1.05,-1.57,2.01,-2.76,-3.39,-5.03,-0.41,-3.36,-4.80,-4.08,-0.68,-2.75,0.88,-3.31
196604,-1.47,-0.90,-1.70,-2.11,-0.99,-2.30,-4.60,-4.06,1.57,-2.21,-1.93,-3.41,-2.82,-0.16,-2.04,8.40
196605,-4.00,0.09,-1.32,2.88,2.86,-1.62,-2.94,-2.10,4.91,-3.08,-3.70,-2.13,-1.85,-2.72,-2.10,-2.61
196606,-2.61,-3.35,-6.50,-7.47,-1.77,-6.20,-7.78,-11.18,-1.99,-8.24,-3.75,-6.83,-1.75,-3.77,-5.29,-3.02
196607,-0.77,-1.71,-1.93,-3.45,-3.40,-2.65,-3.84,-5.86,-0.85,-2.80,-2.49,-5.97,-1.08,-5.38,-2.82,1.66
196608,2.83,4.15,2.70,3.70,-0.24,4.77,5.89,8.36,-0.41,2.09,5.70,5.20,2.94,1.03,3.91,13.88
196609,2.08,1.09,2.14,4.36,-0.18,1.80,3.41,4.01,1.41,4.35,1.10,0.39,-0.05,-2.06,0.83,4.47
196610,-0.82,-3.16,-2.35,-7.43,-2.36,-5.07,-5.61,-8.93,-0.51,-6.82,-7.17,-8.49,-4.25,-6.23,-3.46,-3.22
196611,0.87,-3.30,-1.61,-0.30,-1.73,-2.15,-4.25,-0.21,-0.63,-1.52,0.27,-0.34,-2.02,0.93,-3.83,-4.70
196612,2.10,1.86,-0.05,0.49,1.24,-1.16,-2.10,0.56,-0.31,-0.19,0.99,1.25,-3.40,0.70,2.62,-4.15
196701,-0.10,1.41,2.45,3.98,1.98,1.70,4.97,5.12,-1.01,0.78,3.98,10.33,3.05,6.01,-0.44,3.91
196702,3.32,2.70,1.46,4.24,1.48,3.88,4.37,4.44,0.37,2.71,6.67,2.66,6.56,4.76,5.07,7.95
196703,0.87,2.75,2.62,3.72,0.55,0.06,3.56,2.06,2.96,1.57,-0.70,1.12,5.58,2.83,0.22,6.21
196704,0.07,-2.05,-2.75,-3.24,0.10,-2.23,-3.22,-3.31,-2.31,-3.49,-4.84,-4.09,-2.39,-3.27,-1.30,-1.70
196705,0.00,-1.37,-0.44,2.47,-0.78,-0.31,1.19,0.87,1.09,-1.42,2.30,0.65,0.60,1.20,6.39,13.36
196706,-0.14,0.83,0.70,0.59,0.82,0.47,-0.43,-0.57,2.02,-1.37,-1.05,-3.33,-0.73,-3.25,-0.49,-3.96
196707,1.87,3.52,4.67,6.26,1.38,3.00,4.84,8.89,3.63,5.17,6.57,10.90,1.53,7.34,6.77,2.35
196708,3.67,6.00,6.00,5.98,6.61,5.67,7.49,11.69,7.80,4.93,12.18,11.33,3.89,7.52,8.18,7.63
196709,1.38,3.48,2.91,1.72,3.66,1.43,3.82,2.62,2.87,2.70,1.06,2.04,2.48,6.34,2.92,5.71
196710,2.05,0.71,3.82,4.53,-0.11,3.46,5.00,4.70,-2.72,1.72,1.05,1.61,1.58,3.44,7.43,0.48
196711,2.49,2.65,7.53,7.40,4.84,4.32,4.43,5.28,1.73,5.18,4.47,3.37,9.04,2.68,-1.68,0.42
196712,2.20,1.95,0.74,3.07,0.29,4.46,1.92,1.83,1.69,-0.39,1.14,2.46,1.10,1.26,7.62,8.69
196801,5.11,2.06,2.91,4.52,4.16,4.50,6.49,5.99,16.12,9.23,6.43,6.38,5.68,10.33,3.29,0.08
196802,1.23,2.31,-2.15,-0.40,0.77,-0.95,2.09,-0.02,-2.16,-1.94,-2.09,-2.48,1.42,3.30,-0.08,4.42
196803,1.49,5.03,1.56,2.66,-0.55,2.65,-0.48,2.09,-0.56,-1.65,0.09,1.70,0.58,1.63,1.77,-0.84
196804,2.28,2.84,3.92,2.21,1.01,3.13,2.53,3.31,1.74,2.99,3.84,3.82,5.96,7.80,6.05,7.33
196805,2.12,-0.03,-0.05,-1.36,-0.11,-0.78,0.94,-0.17,-0.05,-0.01,-2.98,-1.36,-0.25,0.09,-3.00,-4.92
196806,2.44,4.03,4.77,5.68,3.11,4.24,3.75,5.27,3.34,2.81,0.61,4.59,3.15,3.65,3.10,4.76
196807,2.94,1.34,-0.15,-0.72,4.76,1.09,-1.18,0.82,4.95,-0.14,-1.07,0.45,-1.71,-3.60,-1.65,-2.38
196808,1.49,1.67,1.54,1.74,-0.97,3.07,2.83,0.45,-1.17,3.34,5.80,3.12,3.95,6.73,15.87,2.10
196809,-0.22,3.21,-2.23,0.80,-4.12,-0.92,-2.55,-3.26,-1.51,-1.28,-0.20,-3.15,3.92,6.18,6.33,-1.87
196810,-0.91,2.81,1.49,3.56,-1.56,1.50,8.49,1.21,1.80,0.59,-2.33,-0.08,0.43,3.07,0.39,-0.83
196811,-0.80,-0.58,-2.03,-3.16,-1.19,1.48,-1.37,-1.57,-0.62,-0.10,3.64,-4.40,0.82,-0.33,0.21,-5.63
196812,1.00,1.71,0.22,-0.59,3.40,0.37,0.09,0.30,-1.96,3.34,0.65,-0.47,2.48,2.35,2.06,0.10
196901,3.07,6.35,4.03,8.36,6.06,3.48,8.56,5.37,5.01,5.23,6.08,4.63,3.28,2.50,2.01,4.70
196902,1.50,1.81,-0.91,0.25,-0.25,0.54,2.00,-0.67,5.96,3.10,6.40,0.84,3.76,6.80,-0.87,3.49
196903,-0.07,0.64,1.35,1.88,1.11,1.49,0.71,0.08,-1.27,1.37,1.45,-0.72,0.43,-1.40,0.38,1.40
196904,-1.24,0.12,-1.03,2.11,-0.81,0.19,-0.93,-0.98,0.31,3.15,-0.75,-0.72,0.65,-1.12,3.94,-0.82
196905,1.77,5.58,5.62,12.00,1.77,2.36,8.24,7.97,8.07,2.99,6.79,5.56,0.31,4.01,9.08,8.62
196906,-1.11,0.32,-3.31,-1.42,-1.06,4.04,-1.29,-1.08,-0.79,2.61,1.62,-1.71,4.31,2.89,0.38,-0.58
196907,1.00,2.18,-2.03,-1.30,0.34,-2.35,-2.26,-2.58,3.50,-3.37,-0.68,-2.42,0.68,0.93,1.02,-3.48
196908,1.27,5.47,9.92,7.37,2.71,2.54,6.55,6.14,1.48,6.76,5.86,10.13,6.92,11.94,7.77,5.89
196909,0.94,1.23,1.83,-1.19,1.45,-0.31,-0.50,0.45,4.73,3.55,1.19,-2.90,2.58,5.92,-1.23,-2.10
196910,9.75,3.59,7.18,6.77,8.67,12.13,6.43,6.13,10.84,15.27,3.79,8.77,14.13,7.17,5.94,3.36
196911,20.00,3.93,5.70,0.80,9.75,5.41,12.26,4.64,11.30,0.88,5.32,7.64,2.37,6.26,6.76,14.74
196912,-3.29,-2.93,-6.38,-4.93,-4.68,-0.99,-5.36,-4.15,-5.86,-6.17,-5.26,-7.13,-2.99,-4.26,-6.22,-4.28
197001,-2.54,-3.16,-5.14,-4.24,-2.98,-4.70,-4.27,-5.87,-2.23,-0.66,-4.33,-4.60,-1.80,-1.08,-2.90,-2.71
197002,0.91,1.91,-1.65,-1.74,-0.79,-0.70,-2.99,0.59,1.26,-0.59,-1.88,-1.70,-2.77,-0.32,0.04,1.06
197003,-4.63,1.17,0.37,0.18,-1.75,-1.09,0.59,0.06,7.74,0.34,-0.05,-1.83,1.07,1.22,4.98,4.75
197004,0.56,-4.84,-5.64,-3.15,-1.68,-0.12,-3.21,-6.54,-4.10,-2.17,-4.29,-4.67,-3.60,-2.02,-5.75,-1.89
197005,-5.69,-4.51,-10.65,-10.08,-5.83,-7.02,-10.84,-10.55,-5.57,-7.34,-6.04,-13.04,-11.86,-11.77,-6.16,-4.98
197006,-0.89,-2.16,0.64,-2.94,0.32,-3.30,-1.03,-5.96,3.61,-1.78,-1.02,-2.84,3.48,1.76,-1.00,-2.62
197007,5.12,1.25,4.41,6.21,-2.10,-1.30,3.46,9.53,3.53,3.01,6.76,12.40,5.35,4.67,6.23,2.86
197008,0.36,4.33,4.00,2.56,4.64,-0.50,3.71,4.33,0.81,0.53,0.43,3.92,0.59,3.77,3.35,0.92
197009,-0.60,-3.40,-0.64,-2.29,-0.63,-1.90,-3.31,-4.28,-2.34,-2.32,-3.16,-0.57,-1.85,-2.06,-3.14,-5.02
197010,-1.04,-2.05,-0.62,-3.08,1.28,-8.09,-2.61,-1.47,-0.62,-4.85,-4.16,-0.62,-0.42,-2.09,-0.81,-7.38
197011,-4.00,1.34,-2.95,-4.43,-1.52,-10.87,-2.47,-6.71,-1.97,1.00,-7.19,-5.14,-2.28,-4.61,-2.48,-4.24
197012,3.60,1.49,-1.62,-4.97,-1.49,-2.57,-0.11,0.98,6.22,-4.98,-1.28,-4.63,-0.44,-1.60,-0.50,0.92
197101,2.89,10.83,7.68,13.07,7.23,13.24,8.92,16.73,0.34,7.40,12.30,15.32,4.84,8.41,11.91,13.32
197102,2.63,2.83,4.07,6.22,1.48,4.96,5.17,3.84,4.48,5.56,4.02,7.83,5.30,6.96,8.38,9.15
197103,2.33,3.04,3.13,1.53,2.99,4.36,0.90,2.18,2.06,2.54,2.07,1.88,8.64,3.34,4.19,0.05
197104,0.21,-2.30,-1.85,-3.87,-2.26,-6.34,-0.98,-2.67,-2.33,-2.21,-5.03,-5.49,-3.42,-2.22,-3.64,-5.05
197105,2.06,0.02,0.32,-0.27,-0.68,0.29,-0.80,2.06,-1.92,-0.87,0.06,2.73,-0.82,0.13,1.31,-1.06
197106,3.68,-0.68,2.03,-0.21,0.29,-1.95,-0.58,1.27,-0.31,1.30,1.25,-1.11,-1.09,-2.50,-3.21,-2.71
197107,1.73,5.27,0.48,4.50,1.57,1.78,4.12,7.15,3.63,2.61,2.10,10.52,10.07,3.50,4.30,1.19
197108,0.52,-0.70,-1.21,-2.84,-0.94,0.73,-3.50,-0.69,-3.88,4.84,-2.26,-0.88,7.88,-1.92,-4.49,-4.92
197109,-0.73,-2.76,-3.28,-6.06,-3.56,-2.16,-2.35,-5.23,-1.08,-5.61,-4.66,-4.42,-6.32,-6.21,-4.19,-4.22
197110,-1.51,-5.16,-4.00,-8.11,-2.64,-3.07,-3.46,-8.94,-4.06,-3.45,-7.43,-2.47,-6.66,-1.19,-7.45,-6.01
197111,-3.23,-2.15,-0.44,-3.50,-3.90,-0.86,0.88,-0.26,1.13,-2.17,-0.45,-1.37,3.26,-6.15,0.53,2.02
197112,3.25,4.03,6.16,5.08,5.41,2.26,2.50,7.11,-1.77,2.67,7.96,5.17,-5.21,3.81,3.50,2.42
197201,1.77,4.66,3.22,6.46,2.31,2.59,4.83,8.28,1.06,4.88,5.88,8.75,6.56,5.13,4.15,6.13
197202,2.57,2.33,3.13,7.82,7.36,7.66,8.06,7.95,3.72,5.96,9.44,9.94,9.04,5.45,9.84,12.11
197203,3.73,5.03,0.52,5.84,4.57,6.57,5.69,4.00,0.02,3.88,2.87,7.16,1.66,3.82,5.42,7.71
197204,3.49,1.27,2.36,-3.94,2.36,0.50,-0.95,-2.59,6.76,7.16,-2.80,-2.77,13.91,3.17,0.35,0.20
197205,2.67,0.54,3.54,5.27,4.86,4.34,4.15,1.37,0.36,7.10,1.72,7.33,18.68,5.30,5.15,0.59
197206,0.19,-2.92,-2.08,-2.25,-1.14,0.50,-0.26,-0.12,1.73,4.37,-3.59,1.16,5.68,1.90,-2.98,-3.87
197207,-1.28,2.63,6.32,8.20,0.50,-1.06,2.84,8.87,2.26,1.98,4.98,7.09,1.89,4.60,4.54,6.07
197208,0.32,-0.96,2.79,1.69,-0.16,0.87,0.28,-0.91,7.34,-0.77,-1.23,-0.25,0.31,4.02,1.18,0.26
197209,0.28,-2.54,-2.04,-3.52,-1.06,-1.92,-3.99,-4.61,-1.28,0.05,-2.84,-3.21,3.47,-0.05,-2.51,-1.08
197210,0.10,0.89,-3.42,-2.16,1.45,-2.50,-2.31,-3.49,4.83,-2.53,-2.70,-4.73,2.05,-3.00,-1.64,-2.73
197211,2.24,0.60,0.65,4.02,2.47,0.49,6.20,1.66,0.78,1.83,0.67,3.31,9.00,3.02,4.37,7.37
197212,0.19,-2.14,-0.86,-3.84,0.52,-1.82,-2.03,-1.88,2.79,0.71,-0.68,0.02,10.04,2.92,1.67,0.58
197301,5.51,12.15,7.82,5.21,5.45,12.73,10.39,3.52,7.65,10.79,10.96,8.52,8.89,2.47,12.93,9.87
197302,0.28,-1.27,-2.59,-1.91,-0.58,-1.20,0.50,-1.88,2.30,1.05,-2.65,2.52,6.04,-0.65,3.24,-1.53
197303,10.32,8.41,5.07,3.12,7.15,7.58,3.90,8.23,12.63,7.30,2.87,5.68,4.66,7.73,8.91,8.29
197304,-1.89,2.36,0.39,-4.11,1.07,-2.78,-4.38,-3.11,0.29,1.73,-1.99,-2.23,0.24,1.72,-1.34,1.57
197305,-4.14,-10.90,-11.67,-8.95,-2.56,-8.82,-9.91,-10.25,-6.07,-7.96,-6.95,-11.79,-6.62,-4.16,-10.02,-9.00
197306,-0.68,-0.56,-1.87,1.85,-3.37,-0.84,-1.92,-2.08,-1.50,-1.85,-2.04,-1.59,-2.70,0.93,0.52,-2.27
197307,-2.07,-9.63,-15.03,-10.70,-4.61,-5.91,-8.62,-9.04,-5.70,-6.39,-5.95,-7.15,-6.80,-7.36,-9.26,-9.46
197308,1.59,7.72,2.21,0.58,-0.55,-0.76,-0.46,0.52,-4.11,0.44,-0.47,0.90,-2.71,-1.18,-0.91,-0.79
197309,-2.78,-2.72,-0.48,-2.29,-1.20,-3.58,-3.66,-2.85,-0.76,-0.07,-1.39,-4.28,-0.09,-1.84,-2.62,-5.04
197310,-0.52,2.75,6.56,7.31,-0.89,3.09,6.45,9.76,1.87,3.89,6.34,9.28,2.00,0.42,9.25,6.18
197311,-5.02,-8.15,-6.66,-8.23,-6.29,-6.26,-9.88,-9.51,-4.08,-5.10,-6.37,-10.44,-5.24,-9.50,-9.75,-8.62
197312,1.24,-4.99,-4.48,1.75,0.57,-0.20,0.70,3.09,-3.62,1.14,0.12,1.76,-1.62,-7.09,-0.21,-1.53
197401,-1.84,2.91,9.02,3.94,2.16,0.42,2.32,2.21,3.34,-0.34,2.71,2.91,8.18,9.26,7.08,8.65
197402,-0.33,-2.55,-6.54,-5.91,-6.06,-3.14,-3.22,-3.21,0.04,-4.57,-6.64,-5.13,-1.25,-3.57,-2.22,-8.50
197403,-1.38,0.20,-3.78,-4.03,-2.98,-1.50,-4.83,-2.44,-3.56,-1.08,1.53,-1.52,2.69,-2.46,1.66,-2.71
197404,-0.57,-0.55,-1.83,4.18,0.42,1.42,1.47,2.75,-0.30,2.51,-2.79,5.03,1.43,1.49,7.38,0.84
197405,0.67,-4.63,-2.10,-5.28,-6.46,-1.36,-3.54,-2.32,-1.56,-1.17,-1.33,0.15,1.44,2.74,-0.17,-3.95
197406,-3.44,-3.41,-6.45,-3.03,-4.36,-0.67,-1.15,-0.81,-1.76,-0.61,-2.14,-2.71,-6.59,-2.93,-1.52,-1.22
197407,-3.45,-5.42,-3.26,-3.66,-2.15,-3.82,-4.54,-5.58,-1.25,-5.28,-1.46,-1.51,0.98,-5.82,1.44,-1.06
197408,-3.38,0.55,0.01,-3.66,-6.04,-3.85,-2.60,-0.93,-1.58,-1.01,-5.70,-1.96,2.80,1.83,6.02,-1.32
197409,-3.75,-4.65,-8.46,-3.86,2.10,-6.71,-4.39,-8.12,-1.69,-4.33,-9.13,-5.91,-3.50,-4.81,-7.19,-4.05
197410,-3.49,-3.43,-4.29,1.65,-5.36,-0.08,-1.90,-6.19,-3.39,-1.31,-6.44,-3.34,-0.03,-2.12,0.41,0.81
197411,0.38,7.16,9.34,5.73,-0.60,6.21,11.39,7.52,2.69,3.78,8.46,9.33,1.37,5.45,0.86,9.46
197412,5.27,9.50,0.61,0.32,3.40,0.75,-0.01,-2.26,-1.92,9.51,7.40,2.81,4.87,-1.77,-0.53,3.08
197501,-1.42,-2.52,2.86,1.15,-3.12,1.10,6.26,9.03,2.88,-1.70,3.50,7.03,3.83,6.02,9.02,5.14
197502,10.23,10.20,13.70,18.16,14.02,11.69,17.58,21.24,16.18,13.10,20.47,15.17,5.81,20.01,11.30,14.40
197503,-0.09,-2.33,-2.52,3.05,-0.56,-0.84,1.50,-2.04,-1.65,-0.74,-4.97,-2.24,1.05,1.03,3.98,2.52
197504,-1.72,0.35,4.51,1.44,2.88,-0.17,2.79,-0.02,-1.66,0.02,3.39,2.28,-0.13,0.71,3.85,1.68
197505,-2.97,-3.65,-5.98,-3.67,-7.35,-4.69,-4.42,-5.77,-4.95,-5.77,-9.55,-7.83,-4.16,-7.27,-6.69,-5.19
197506,-1.85,-0.12,-0.01,-1.11,-0.35,-0.32,-0.63,-2.10,-1.64,-2.14,-2.65,1.35,-2.43,-2.13,3.83,6.66
197507,2.16,0.34,12.72,6.49,2.57,-1.67,4.00,4.38,2.34,0.78,10.35,9.37,5.97,0.27,4.17,9.29
197508,1.11,-1.25,-0.97,-7.39,-0.83,-1.60,-1.87,1.58,-0.51,-2.14,-3.65,-3.29,-1.97,0.10,-1.78,-5.19
197509,-1.83,-0.26,-2.05,1.19,1.49,-2.97,-1.82,-3.01,-0.14,-0.92,-2.38,-1.21,0.27,-3.69,-1.34,-1.21
197510,2.86,3.57,4.66,3.65,1.59,1.87,4.36,4.63,3.19,4.37,9.01,6.23,1.29,4.71,6.91,7.78
197511,3.34,1.62,2.49,7.27,3.55,3.42,-0.10,2.71,1.56,1.53,4.28,4.55,-0.04,3.11,7.62,4.25
197512,-0.81,-1.53,-3.48,-1.09,0.04,-3.98,-3.70,-2.32,-2.59,1.39,-1.70,-0.85,3.47,2.04,5.49,0.54
197601,-2.40,-3.06,-0.06,-2.61,-2.24,2.14,-0.37,-3.36,5.83,2.17,0.46,-1.07,4.38,4.25,2.67,1.83
197602,-1.03,-0.91,1.01,0.88,0.65,-0.81,-1.09,0.01,-1.22,0.75,-0.44,-1.26,2.22,-1.11,3.60,0.20
197603,-0.50,-1.27,1.39,3.44,-1.36,-1.20,-0.15,3.40,2.53,1.24,3.69,4.09,7.09,1.29,3.01,1.62
197604,-1.22,-2.84,-4.39,-3.56,-1.88,-3.15,-3.72,-4.39,-1.14,-1.17,-3.03,-5.38,-2.56,-3.14,-5.59,-5.01
197605,-2.86,0.30,-1.35,-4.06,2.11,-3.22,-3.37,-4.41,-3.12,-4.74,-3.20,-2.65,-3.35,-3.45,-3.48,-1.56
197606,0.33,3.15,0.37,-1.57,1.65,0.45,0.25,-1.80,3.63,1.16,-1.76,0.10,-2.08,0.17,-0.61,-0.81
197607,-2.02,-0.98,-0.27,-1.21,-0.84,1.55,0.62,-0.58,2.56,-1.13,-0.27,-3.55,0.88,0.03,-2.08,2.19
197608,-2.56,-1.03,1.37,0.95,-0.73,-2.19,-2.03,-0.56,-3.07,-2.57,-1.94,-2.35,0.33,-0.06,-0.92,-2.52
197609,-0.64,-0.04,-0.74,-0.19,-0.48,-1.37,-0.43,0.28,0.18,1.00,-0.58,2.23,0.92,0.66,0.94,1.04
197610,-1.61,-3.07,-4.87,-6.20,-2.15,-4.30,-6.01,-9.03,-1.67,-5.25,-5.13,-5.49,-2.90,-3.96,-6.64,-7.04
197611,-0.55,1.40,0.61,-0.03,-2.34,2.17,5.02,0.27,-2.42,1.82,3.72,1.30,-1.45,1.66,1.06,3.08
197612,2.54,2.45,2.26,1.18,3.62,0.20,0.16,1.49,3.97,0.96,-0.71,0.48,-2.21,1.06,-0.12,1.42
197701,-1.87,-3.42,-0.92,1.66,-1.20,-0.64,0.32,-0.28,1.16,-1.02,1.45,3.66,2.42,1.88,2.55,0.35
197702,-1.98,-0.74,0.13,-3.20,0.34,-0.94,-0.39,-1.87,-0.23,-1.34,-1.42,-0.91,1.39,-2.10,-0.54,-1.90
197703,-1.37,0.04,-0.38,1.57,0.25,1.41,0.28,3.23,0.75,1.19,1.57,3.18,0.41,3.55,1.04,3.03
197704,1.54,1.63,3.48,7.36,3.66,6.30,6.83,9.21,1.67,2.67,5.13,6.50,4.82,4.91,5.54,7.98
197705,-1.29,-1.16,0.77,0.74,3.03,0.22,4.40,1.79,-0.23,3.68,0.47,0.69,1.90,2.61,1.85,2.57
197706,1.58,0.00,4.11,-3.08,1.46,-1.05,0.19,-0.29,2.71,-0.98,-1.54,-0.79,1.35,2.64,0.38,-0.93
197707,1.94,2.89,4.09,-0.30,0.85,1.83,3.75,3.47,3.85,1.89,3.00,3.67,2.04,1.42,4.25,2.73
197708,1.86,2.95,6.92,1.43,1.80,2.55,1.46,3.26,1.03,4.36,3.23,0.30,6.43,3.79,2.09,3.42
197709,0.24,2.03,-0.87,1.93,-1.73,-1.29,0.50,1.94,0.87,5.81,0.66,-0.50,1.17,1.51,2.38,0.19
197710,2.61,1.89,2.78,2.03,2.42,0.29,4.79,1.65,0.15,4.98,3.14,2.42,1.54,2.93,1.88,3.01
197711,1.19,4.40,-0.41,2.85,3.12,1.03,2.72,1.70,2.38,0.50,1.58,-0.55,0.37,2.81,4.28,3.10
197712,1.23,-1.28,-0.43,-2.09,-1.07,-0.60,0.13,-3.00,-2.92,-5.39,-2.33,-2.18,-0.39,1.20,-3.31,-1.72
197801,3.19,2.01,-0.07,0.38,4.78,6.37,2.33,1.68,6.19,6.81,0.78,4.73,0.71,4.00,7.28,4.15
197802,0.48,-0.59,1.04,0.62,1.46,6.79,2.90,0.30,0.01,0.72,0.34,1.09,2.37,4.62,1.32,2.08
197803,-0.48,-0.94,-2.56,-1.60,-0.91,3.02,0.22,2.39,1.80,2.69,-1.77,1.47,-4.78,0.66,0.92,1.70
197804,-0.73,1.94,1.75,-1.34,6.14,-1.09,-2.86,-2.63,3.01,-1.57,-1.29,-3.49,1.51,-3.51,-2.89,-2.40
197805,2.19,-0.80,0.61,0.72,-1.39,-1.16,-0.18,2.24,0.08,1.07,0.89,1.40,0.83,0.05,9.19,2.33
197806,2.53,3.15,5.52,4.62,1.26,2.48,3.21,5.16,4.72,2.92,6.35,2.48,2.28,4.65,3.83,2.66
197807,3.74,5.84,6.56,8.00,2.71,4.33,2.73,5.76,10.05,6.56,4.90,6.30,3.69,5.30,5.35,4.23
197808,3.38,2.31,6.48,2.16,1.10,1.84,1.59,2.14,3.55,3.59,6.01,3.10,1.52,5.57,4.09,4.23
197809,2.44,0.91,3.41,0.75,-0.04,-0.18,2.08,2.62,1.40,4.28,1.41,0.08,5.53,3.15,1.44,1.02
197810,-1.01,-3.69,-1.81,-5.34,3.37,-2.10,-5.09,-4.37,-0.40,-2.00,-4.49,-4.63,-1.42,-2.22,-0.40,-3.20
197811,-1.01,2.04,2.10,0.11,-0.11,-0.44,-1.16,-0.49,-0.22,-3.75,-1.29,-1.43,-1.07,0.37,0.09,-1.56
197812,0.17,0.84,0.50,0.07,2.14,0.38,0.90,0.04,1.31,3.31,-0.52,1.82,-0.82,-2.30,2.07,-0.38
197901,0.43,-0.65,4.43,4.40,2.71,4.37,3.42,2.31,0.80,-0.59,2.07,1.75,1.41,5.46,3.88,1.67
197902,-2.94,-1.51,-4.67,-3.94,4.42,-4.45,-3.53,-2.55,-0.86,-2.29,-3.30,-3.37,-1.59,-3.45,-0.42,-1.48
197903,-0.90,-3.64,-5.15,-0.44,-3.46,-2.93,0.50,-0.92,-2.87,-1.70,-1.72,-3.27,0.67,-2.82,-2.21,-1.59
197904,-0.02,0.39,0.16,-0.52,0.94,-0.92,-1.28,-1.57,-0.67,0.34,-1.60,-1.01,-1.12,0.38,-1.80,-0.68
197905,-0.61,-1.34,-5.31,-4.54,-4.70,-1.97,-5.10,-4.28,-3.84,-3.49,-3.73,-6.16,-1.67,-5.14,-5.23,-6.45
197906,-2.82,1.87,-1.41,-4.55,-1.25,-1.37,-4.01,-1.73,-0.39,1.47,-2.39,-3.19,0.59,-1.78,-3.47,0.14
197907,0.57,0.30,2.13,4.94,-0.29,3.64,2.52,6.07,-1.29,5.24,3.17,4.39,2.28,3.04,0.99,4.34
197908,1.89,1.67,1.25,-0.18,0.61,2.27,3.02,1.41,4.01,1.83,-0.20,3.64,-0.11,1.83,2.59,1.38
197909,0.58,1.67,-0.18,1.79,1.86,1.36,1.51,0.38,-2.42,1.79,1.71,0.68,2.63,-1.68,2.54,-1.33
197910,-4.42,-1.57,-2.56,-4.64,-0.62,-2.01,-3.16,-6.16,-1.19,-3.31,-5.30,-5.28,-1.91,-3.47,-4.54,-6.39
197911,-1.62,-3.88,-1.30,-1.61,0.02,-1.32,-2.76,-0.88,4.04,-4.43,-0.86,-1.06,-0.91,-1.92,-3.36,-2.10
197912,-1.54,0.68,1.28,-1.68,-1.51,-1.67,-2.19,-2.28,1.76,-2.53,-2.97,-3.99,-0.53,-4.69,-0.46,-1.73
198001,2.33,0.13,-0.25,8.76,1.22,0.40,0.62,-2.04,-3.70,7.32,-0.53,0.91,3.08,-1.57,-1.51,5.72
198002,1.78,-1.30,2.52,1.80,-1.17,2.45,5.15,5.34,0.08,-2.47,1.97,2.69,0.08,-0.68,1.49,0.29
198003,-4.94,-8.40,-5.72,-8.22,-2.04,-5.16,-9.38,-7.74,-1.91,-7.19,-7.51,-6.45,-4.85,-9.62,-8.22,-6.44
198004,0.62,1.15,1.40,2.87,-0.20,2.00,2.81,2.29,1.52,3.32,-1.10,1.55,-0.37,2.98,0.83,3.57
198005,1.17,1.86,2.73,0.20,5.15,4.79,3.02,-0.26,4.47,-1.71,2.15,2.71,1.86,0.50,-1.29,1.09
198006,3.07,2.17,2.56,5.47,3.18,0.45,2.76,1.54,3.85,2.65,5.18,-0.98,3.93,-0.56,2.32,2.14
198007,7.36,1.80,3.52,0.74,2.24,4.42,6.47,5.79,0.29,1.32,2.49,3.12,2.07,5.08,8.85,2.06
198008,3.81,-0.88,1.07,-0.14,-0.52,-1.64,-0.09,0.62,0.76,2.34,4.80,-1.27,3.89,1.09,-0.46,0.19
198009,0.09,0.00,0.51,-1.12,-0.09,-2.22,2.20,0.33,0.08,-2.76,-2.14,1.12,-1.49,-1.74,-2.53,-3.32
198010,-1.47,2.68,1.76,-3.70,0.67,2.32,1.47,-1.90,0.77,-1.62,-2.64,-1.49,-1.19,-1.61,-0.04,-2.74
198011,4.29,-0.47,-0.14,2.08,-1.22,-0.14,1.09,-0.99,-0.10,-1.21,-2.44,-0.24,-0.94,0.96,-1.48,0.70
198012,0.08,-0.66,-0.15,1.09,-0.80,-3.51,-2.60,-2.67,-1.99,-2.01,-1.23,-3.23,-4.68,-4.40,-2.18,-2.43
198101,1.11,1.19,-3.41,5.35,-3.65,-2.89,0.60,-1.27,0.06,0.50,-0.20,-3.57,1.27,-1.17,-2.35,-1.34
198102,-0.60,-1.87,0.53,4.79,-0.58,1.01,1.84,-1.39,-1.01,-0.82,-1.20,-0.93,-1.00,0.64,1.10,4.37
198103,1.67,0.20,1.13,0.50,0.95,3.59,4.18,2.55,2.38,1.01,5.33,3.68,0.59,4.63,7.57,5.82
198104,-0.79,2.46,1.50,1.75,0.42,3.20,4.37,6.60,2.28,2.83,6.38,5.77,2.31,5.88,4.34,2.44
198105,0.46,2.72,-1.47,-2.49,-0.24,-0.08,-2.46,-3.53,-4.26,-1.19,-1.49,-1.39,1.30,-2.45,-0.76,0.22
198106,-1.25,1.18,1.90,4.75,-2.93,1.00,3.47,1.61,-1.82,0.43,0.69,5.42,-1.88,4.89,3.20,0.38
198107,-2.35,2.28,-1.31,-0.38,-2.24,0.16,6.84,2.81,3.45,7.65,-0.21,4.23,-2.66,1.92,5.13,1.97
198108,-1.48,-0.01,-2.53,0.75,0.26,-1.47,-2.78,-0.23,-0.84,-3.39,-2.59,-1.19,4.72,1.13,-2.06,-0.38
198109,-2.52,-3.53,-9.03,-6.52,-0.90,-5.45,-5.56,-4.74,-2.98,-4.13,-6.43,-6.81,-4.41,-3.46,-5.32,-7.80
198110,-0.31,-1.30,-1.30,-2.35,2.04,-3.88,0.20,-1.38,-3.13,-3.01,-1.25,-1.00,-0.38,-3.53,-1.29,-2.91
198111,-0.33,-3.79,-5.23,-1.98,-1.09,0.81,-1.30,2.32,-1.13,-1.87,0.42,1.87,-2.28,-0.34,2.36,3.09
198112,0.61,-2.53,0.54,1.36,3.36,3.04,-1.02,-1.58,-2.35,1.03,-4.09,-0.93,0.14,5.15,-1.60,-0.14
198201,1.50,4.07,0.31,-3.40,-0.38,-0.44,1.04,2.87,3.09,0.61,2.60,-1.00,-1.51,2.85,2.84,3.58
198202,4.23,1.74,5.15,3.03,0.92,4.64,3.19,3.10,1.83,2.58,3.61,7.15,12.50,3.41,7.62,6.25
198203,3.07,1.12,3.41,-1.84,3.04,0.21,-0.42,-0.55,8.47,3.80,2.62,1.23,2.17,2.97,3.58,2.44
198204,1.22,-1.79,-0.41,-3.33,-0.93,3.79,-1.31,-2.27,-2.36,-0.04,-0.08,-2.00,-1.30,1.15,-1.09,1.31
198205,-0.60,-0.88,-3.29,-0.06,1.79,-1.66,-1.57,-0.20,-1.16,-0.44,-0.41,-2.48,-1.41,0.70,-2.35,-3.73
198206,-2.29,-0.64,-1.93,-1.36,-3.09,0.73,0.11,-2.00,-2.68,-2.90,-5.11,-1.33,-4.50,-2.50,-1.67,-3.04
198207,-0.86,0.34,-0.40,1.06,4.13,-1.96,0.74,2.72,-2.20,-1.08,1.89,2.98,-0.57,-0.03,-0.19,-0.11
198208,-1.45,-0.35,-1.55,-0.69,-1.55,-0.09,-1.17,-2.03,0.58,-2.46,0.16,-0.41,-1.98,-1.44,0.41,-3.64
198209,1.15,2.83,8.73,6.20,3.67,5.05,10.00,11.01,-1.63,0.92,3.35,6.77,5.58,4.98,2.46,7.59
198210,1.13,3.68,5.99,1.22,2.11,0.86,1.25,-0.55,0.33,0.95,-2.58,0.11,1.36,-0.32,-0.11,-2.75
198211,2.34,5.96,5.77,1.80,2.51,2.30,5.67,4.71,-0.58,-1.68,3.89,2.38,1.60,-0.39,-0.05,4.53
198212,0.94,0.80,2.19,-3.78,1.27,0.57,2.84,4.64,0.23,3.81,4.68,3.30,-1.28,2.01,5.80,6.13
198301,2.89,0.32,-0.85,3.93,1.98,2.63,1.51,-2.87,5.14,1.57,-0.41,0.36,4.98,2.89,2.36,2.49
198302,4.94,3.90,5.99,1.67,2.16,8.58,8.07,9.34,3.88,6.82,13.80,7.17,10.45,8.71,10.08,5.56
198303,5.94,5.95,6.38,10.22,5.92,11.89,8.39,16.45,19.97,8.42,10.09,8.53,14.45,16.31,13.90,15.29
198304,2.77,4.48,6.13,5.31,9.19,5.16,7.96,1.48,1.52,5.79,5.02,5.77,6.65,9.79,6.78,6.59
198305,-2.37,-0.98,-3.61,-2.77,-2.52,-3.22,-2.61,-3.73,-3.22,0.16,-2.89,-6.73,-0.47,-3.84,-1.97,-4.43
198306,1.07,-0.35,5.02,2.83,4.01,3.58,5.47,1.05,0.99,-0.79,5.04,4.87,-1.73,-1.50,2.91,4.39
198307,4.15,2.73,-3.29,1.79,2.42,3.62,4.45,6.16,0.45,-1.62,3.03,1.43,3.35,-2.07,5.10,1.27
198308,-3.43,-2.68,-5.07,-2.23,0.11,-3.75,-2.34,-3.15,-1.66,-1.75,-4.99,-3.42,-2.99,-2.46,-4.58,-2.83
198309,0.64,0.03,2.96,-1.08,0.09,0.43,0.66,1.03,-1.99,-0.44,3.20,0.56,2.25,0.59,3.81,1.36
198310,-0.27,1.93,3.23,12.57,-1.39,2.03,2.27,11.75,3.49,1.29,0.88,3.69,3.47,3.92,2.29,4.70
198311,0.62,-0.19,-0.99,0.35,-0.73,-1.00,-0.69,1.09,-1.09,-2.37,-2.78,-1.66,-2.06,-3.51,1.44,-0.92
198312,1.22,-0.08,0.09,1.37,2.75,3.28,2.23,0.47,0.07,2.46,2.50,1.84,3.08,0.13,5.08,3.18
198401,3.43,5.15,6.17,-1.64,2.64,4.19,2.51,8.44,2.57,4.66,4.32,8.60,9.10,9.82,13.21,14.67
198402,-2.17,-2.99,-1.26,-0.98,-2.49,-1.28,-1.33,-3.85,0.37,3.18,-1.59,-4.72,6.20,-1.05,-2.26,-4.00
198403,-0.62,0.29,-0.08,1.88,-2.60,-1.29,-1.75,-0.89,-1.56,0.19,1.36,-0.52,6.61,-0.05,-0.14,0.86
198404,0.58,-0.04,0.31,-0.09,-0.93,2.38,0.38,1.02,0.49,-1.62,-0.82,-1.71,2.35,-2.17,-0.31,-2.25
198405,-2.32,-1.96,-3.28,3.84,-1.61,2.24,-1.19,0.48,0.50,4.43,-2.47,-5.44,6.35,-1.71,-3.55,-3.86
198406,-0.25,4.69,0.37,5.87,2.69,0.78,1.16,3.71,2.75,3.07,0.91,3.06,1.78,5.95,1.43,2.18
198407,-1.14,-4.23,-5.80,-1.51,-3.87,0.62,-4.20,-4.99,-2.65,-6.01,-4.75,-7.35,-5.86,-7.36,-6.54,-6.29
198408,1.10,3.43,7.33,4.83,0.50,2.54,1.53,7.04,1.54,2.87,2.54,6.03,2.43,2.41,2.38,3.84
198409,1.08,2.22,2.36,7.60,2.61,3.05,1.63,1.75,4.46,0.05,7.56,5.73,2.47,3.68,4.38,3.46
198410,1.34,-0.62,-2.01,3.12,-0.43,-0.07,-0.68,-0.48,3.69,-1.60,0.36,0.80,2.16,2.47,2.35,6.05
198411,-1.20,-1.48,0.50,-0.05,3.96,0.08,-1.49,-0.71,-0.36,1.16,2.45,-0.22,2.22,-0.53,1.86,-1.95
198412,-0.41,-0.23,1.95,3.50,2.32,1.59,0.50,-0.59,1.96,1.37,-0.05,-0.69,0.52,1.57,-0.85,0.91
198501,0.63,1.16,4.76,5.29,2.96,2.63,0.43,4.98,-1.94,3.98,2.03,4.21,3.93,2.43,-2.04,4.73
198502,-4.31,2.26,1.64,-0.73,1.96,0.79,2.10,5.97,5.86,2.16,5.23,3.62,-1.58,-0.37,1.03,4.43
198503,3.44,-0.97,-0.76,0.64,2.27,3.69,-1.22,-0.86,5.25,2.76,-0.20,4.58,5.47,1.38,-1.59,1.77
198504,-0.17,0.98,1.11,10.85,-0.23,2.48,3.34,1.48,3.95,1.24,0.59,3.86,2.67,1.00,2.71,1.96
198505,1.85,2.27,2.57,5.36,0.63,3.20,1.26,1.07,3.23,1.32,4.07,1.17,6.15,2.78,7.29,5.84
198506,3.58,2.76,4.37,2.47,2.17,-0.43,1.93,0.64,2.39,1.02,2.64,1.34,0.68,0.32,2.24,8.40
198507,4.22,0.34,-2.24,2.67,-0.46,-0.10,-0.19,-0.90,-1.97,-1.98,-3.13,-2.96,2.09,-4.48,-1.20,-6.54
198508,-1.34,3.70,5.21,11.17,4.27,3.57,4.75,12.13,2.31,1.61,7.72,7.64,2.57,7.37,4.43,10.31
198509,0.97,2.83,3.58,-0.20,5.47,9.35,5.77,3.26,4.15,6.44,8.54,9.23,4.90,14.20,7.08,7.82
198510,4.15,4.93,8.14,10.64,16.14,3.99,5.26,7.00,4.32,8.26,6.88,10.14,3.96,12.04,9.09,17.95
198511,2.14,-0.52,-4.80,-4.76,4.82,-1.46,-1.47,-0.69,2.17,-0.83,-2.02,0.49,-2.90,-2.68,-4.01,-3.99
198512,3.33,-0.89,2.63,4.43,-2.27,0.10,-0.17,6.37,0.87,-1.67,1.61,-1.05,6.18,-0.98,-1.73,2.64
198601,0.69,-0.19,2.38,2.42,-1.83,1.62,2.86,4.04,0.33,5.15,1.28,9.85,-6.04,8.00,3.94,1.13
198602,-0.38,2.03,1.25,10.37,0.03,-0.35,0.86,-2.64,1.20,-2.51,3.56,6.15,3.49,2.29,2.71,3.17
198603,3.36,1.76,8.36,7.19,4.45,3.39,4.73,6.12,6.60,3.10,7.47,9.43,6.99,6.36,6.01,8.31
198604,5.00,0.49,8.14,5.65,6.99,4.52,3.22,2.84,15.37,7.52,10.88,7.16,10.19,3.65,3.52,4.53
198605,-4.59,-0.11,-6.22,-5.50,-9.47,-4.84,-8.48,-6.85,-4.35,-5.80,-7.53,-7.65,-2.63,-10.08,-6.36,-8.07
198606,-2.08,0.41,0.02,-0.10,1.47,3.68,-0.31,0.29,-4.13,-1.45,0.33,0.09,0.91,-5.08,-4.48,-3.88
198607,-1.30,-3.83,-2.29,-7.04,-0.87,-2.72,-3.67,-3.71,-0.77,-3.07,-3.99,-6.11,-1.65,-3.72,-3.97,-4.35
198608,7.66,7.16,16.19,17.36,2.67,10.19,14.47,11.58,1.32,9.69,7.91,11.28,5.00,8.52,10.56,13.24
198609,-0.48,-2.00,-0.16,0.52,0.45,-4.11,-2.11,1.75,8.27,-1.93,-3.03,-5.55,3.12,-2.29,-2.83,-2.04
198610,1.78,-0.47,2.05,-2.39,-1.84,6.41,2.11,-2.67,7.27,1.96,1.71,0.99,2.17,0.39,3.34,2.13
198611,-0.23,-0.25,0.60,2.44,3.93,-1.51,1.40,0.66,6.74,0.27,-1.47,0.59,-1.52,3.28,0.35,5.65
198612,5.20,0.42,-0.15,-3.10,-0.31,-2.32,-0.20,-1.39,-4.26,-3.05,0.99,-4.50,3.68,-2.69,-2.14,-2.07
198701,-0.99,-1.87,-5.80,-7.35,1.74,-3.40,-3.25,-10.10,-10.96,-3.13,-4.70,-5.68,-2.06,-3.67,-1.09,-5.68
198702,-1.07,0.84,-5.27,-4.93,-0.41,-5.27,-3.39,-1.17,7.71,-2.38,-2.93,-2.82,0.10,-0.58,-4.58,-3.80
198703,2.15,0.88,3.03,1.20,1.93,1.20,-4.30,2.54,1.20,1.92,-0.73,3.51,-0.33,2.32,0.36,3.85
198704,0.41,1.58,-0.63,2.93,2.45,1.24,-0.22,5.56,-0.42,-0.39,-0.88,1.55,1.78,1.86,3.71,-2.75
198705,-0.78,2.04,-1.00,-6.13,-1.05,-2.33,-4.16,0.13,0.50,0.47,2.18,-1.28,1.29,-1.07,1.54,-0.24
198706,-1.92,0.06,2.01,5.78,0.94,3.37,3.65,4.48,0.08,3.94,3.17,5.30,2.72,6.23,-1.15,3.65
198707,0.74,3.83,7.12,8.76,3.86,3.68,9.92,4.94,0.07,2.72,4.67,5.65,4.93,3.51,4.57,5.78
198708,0.00,3.59,7.02,-1.20,-0.88,1.86,4.03,2.62,4.87,3.68,3.42,0.97,2.32,3.68,3.53,4.20
198709,1.35,-1.03,0.16,-3.96,0.27,-2.13,-1.12,-2.32,0.90,4.61,-1.94,0.50,4.27,-0.15,-1.60,-0.02
198710,-10.34,-16.18,-17.20,-24.72,-3.10,-15.88,-17.55,-21.47,-7.05,-14.74,-17.44,-22.64,-13.23,-7.89,-14.72,-16.76
198711,-4.31,-10.15,-8.22,-14.17,-3.06,-6.09,-16.40,-12.75,-5.58,-2.22,-7.81,-8.44,-3.63,-3.46,-7.10,-5.72
198712,-2.67,-3.90,4.11,1.95,3.03,-0.86,-3.79,-0.62,-4.04,-1.59,-0.26,-4.91,-1.82,-1.51,-2.87,-4.40
198801,-2.07,-1.25,-6.24,-1.35,-0.46,-3.33,-5.74,-6.47,0.86,-4.16,-4.37,-6.51,-1.98,1.90,-1.99,-6.07
198802,4.60,10.75,11.35,14.27,2.18,7.05,11.63,14.78,2.80,8.65,10.15,14.30,5.47,4.29,9.29,17.34
198803,3.88,5.78,3.37,0.89,6.95,5.89,7.32,4.51,7.71,8.20,4.12,4.16,14.95,2.02,7.40,4.87
198804,4.00,4.54,3.62,-0.01,0.55,3.69,2.19,1.86,4.26,4.53,1.84,3.30,3.18,8.37,3.27,3.57
198805,1.79,2.11,-1.74,1.14,6.96,1.65,-1.52,1.06,0.70,0.65,4.03,1.91,-3.27,2.18,3.51,8.31
198806,0.25,0.56,4.90,3.30,0.40,3.78,4.50,1.54,1.47,-0.24,4.44,8.35,0.04,1.77,7.82,5.36
198807,-1.25,-1.25,1.21,1.46,-1.79,2.15,1.96,0.83,4.43,2.35,4.05,1.16,-1.00,2.76,1.34,2.78
198808,-0.26,3.03,0.58,-2.26,-0.29,1.02,3.73,1.16,1.40,2.20,0.08,1.68,1.29,4.41,1.34,2.13
198809,2.77,-1.22,3.83,4.10,4.12,3.66,3.58,4.42,2.57,2.92,5.50,2.59,0.60,1.34,4.84,5.16
198810,2.02,1.62,2.39,4.49,1.62,4.12,5.80,0.19,2.67,2.55,3.88,4.44,1.07,1.80,2.36,5.91
198811,-0.77,-1.36,-1.92,-5.73,-0.77,3.04,-3.18,-3.16,0.22,3.86,-2.24,-1.39,1.47,2.14,-1.69,-1.68
198812,3.03,4.15,3.37,3.13,0.94,4.79,3.47,3.97,3.47,3.85,6.00,4.66,3.30,8.36,4.82,9.84
198901,6.66,4.47,7.50,9.19,6.17,10.84,12.72,6.01,8.93,5.78,9.32,7.48,5.76,13.33,11.33,9.73
198902,0.59,2.31,-0.57,0.69,2.48,-1.07,-1.11,4.22,1.49,5.16,-2.16,-1.16,6.30,-1.35,0.74,-2.08
198903,0.86,-0.50,6.10,6.43,4.42,2.02,5.33,2.98,5.09,4.75,3.22,2.45,0.54,5.64,4.78,7.52
198904,-0.38,2.31,6.90,4.31,3.46,0.59,10.72,-0.91,1.76,2.88,1.91,9.39,5.24,4.13,9.62,7.71
198905,0.47,2.16,-0.33,3.03,1.05,2.88,3.03,1.87,8.56,3.60,8.95,2.54,3.15,4.76,3.64,5.32
198906,3.16,2.58,0.15,3.99,4.14,4.51,4.16,2.81,5.95,6.17,7.01,6.48,6.33,7.12,3.39,4.66
198907,1.35,4.33,0.44,3.41,-0.81,-0.25,-0.17,2.86,-0.02,-1.55,0.98,1.04,1.94,0.85,-1.44,2.93
198908,3.01,9.10,2.96,9.26,4.18,6.66,6.51,4.66,9.72,5.31,6.50,8.19,4.65,5.53,6.18,6.63
198909,7.31,4.61,7.21,2.86,6.16,8.13,6.90,1.07,2.63,4.58,6.18,3.26,8.14,5.23,5.10,3.81
198910,-0.30,-1.03,-4.79,-7.69,0.72,-5.59,-4.87,-9.60,0.58,0.50,-6.52,-8.89,-3.56,-0.31,-5.56,-5.56
198911,3.07,2.97,1.57,3.47,2.09,3.67,6.17,4.50,0.75,1.88,5.47,6.85,3.51,6.16,7.50,6.61
198912,0.14,1.11,4.36,4.61,0.49,2.64,2.93,5.17,-0.43,1.03,3.50,5.96,8.84,4.78,4.97,9.11
199001,6.34,3.45,-1.05,-1.65,4.60,-1.13,-0.58,-1.25,6.18,-1.26,1.42,4.17,1.74,3.31,0.33,4.43
199002,-2.82,1.77,5.73,-1.31,4.35,1.03,1.15,3.60,2.10,3.46,-0.34,1.13,1.91,3.86,3.19,-0.30
199003,2.82,5.92,8.80,11.85,8.53,7.71,10.58,11.75,3.60,7.26,10.51,12.08,8.62,8.58,10.89,13.05
199004,-0.61,-0.47,-2.10,-7.01,-1.48,0.89,-2.16,-2.75,2.25,-0.07,-4.58,-3.75,0.13,2.10,-0.70,-4.30
199005,0.70,2.57,3.00,1.80,3.10,3.07,0.47,-1.35,4.13,7.57,2.50,1.90,-0.01,-0.67,2.88,2.61
199006,0.31,3.67,6.53,0.43,4.97,6.83,4.77,3.94,0.86,3.49,4.06,0.89,1.17,1.79,2.15,2.71
199007,5.86,4.17,8.74,4.00,5.92,7.64,4.45,3.51,7.60,8.36,8.23,1.51,6.31,6.18,3.62,2.86
199008,-3.94,-8.29,-14.71,-12.09,-4.86,-12.45,-13.10,-16.09,-5.94,-9.99,-10.93,-14.36,-7.44,-12.01,-11.38,-16.29
199009,-3.67,-8.32,-11.82,-17.50,-4.27,-10.02,-14.51,-17.77,-4.99,-8.55,-11.05,-14.60,-5.58,-12.66,-15.65,-19.27
199010,6.64,4.57,10.40,4.78,-1.09,7.25,7.45,8.33,1.34,4.65,5.73,6.60,-1.65,3.88,5.13,4.43
199011,1.92,0.43,-0.51,-1.83,1.95,2.75,0.72,-0.01,-1.12,-1.66,0.17,1.07,2.35,-1.58,-0.80,-2.88
199012,1.06,-2.16,-4.79,-2.99,-3.20,0.16,-1.09,-4.05,0.01,-2.19,0.91,-4.36,2.95,1.89,-0.68,-2.26
199101,-2.97,-5.00,-4.00,-6.86,-5.68,-2.27,-5.24,-3.43,-2.25,-2.89,-5.53,-8.28,-3.17,-4.01,-2.75,-2.60
199102,6.22,3.13,5.47,14.04,11.91,6.32,8.01,10.54,3.51,5.81,6.40,12.34,4.67,10.59,9.85,12.85
199103,4.59,0.22,-0.74,4.48,2.96,2.43,2.82,0.50,4.41,-0.15,-0.35,-0.05,5.08,1.21,0.58,2.02
199104,-0.02,3.65,4.58,2.84,-1.98,4.25,4.02,4.51,-0.34,4.24,2.18,3.85,-0.89,3.73,4.20,2.67
199105,2.12,2.78,2.12,-0.82,0.26,4.48,3.47,-1.94,2.12,1.71,2.74,0.99,-0.26,4.76,0.85,-0.36
199106,-0.10,4.04,-2.66,-2.53,-1.96,2.35,-0.39,-0.83,-0.54,-0.48,-2.95,-1.14,0.63,-0.06,-1.28,-0.47
199107,-2.23,-2.04,-1.63,4.73,-2.49,-1.67,-3.35,-1.01,1.35,-0.13,-1.04,-2.28,-0.51,0.63,-0.75,-2.54
199108,-0.18,1.73,2.04,-0.28,0.99,1.14,-0.15,2.65,-0.49,0.78,1.88,-0.24,1.35,-0.83,2.21,1.50
199109,0.40,-0.03,-1.20,-4.60,0.65,-1.61,-4.76,-4.73,-0.37,-1.37,-1.97,-4.11,3.72,0.85,-2.59,-1.43
199110,-1.32,-2.91,-4.62,-4.11,-1.08,-2.41,-5.93,-0.70,-2.16,-1.50,-5.01,-5.36,7.11,-4.45,-1.65,-5.88
199111,0.66,0.81,-4.45,-5.67,-2.26,-1.78,-3.04,-3.05,-1.84,-3.32,-5.41,-7.21,-5.14,-1.54,-3.74,-5.70
199112,-2.42,-2.53,-3.42,-7.18,-4.81,-4.43,-4.82,-2.45,-1.85,-3.83,-4.57,-3.44,-0.19,-2.73,-2.57,-3.35
199201,-0.09,1.52,6.11,5.08,2.41,1.49,5.09,2.28,3.77,1.87,4.10,11.24,0.81,3.05,1.28,7.91
199202,6.03,1.98,4.40,8.17,1.15,3.85,2.87,5.30,3.19,5.23,4.01,5.73,0.61,3.48,4.39,5.94
199203,1.01,-1.82,-1.52,-1.86,1.66,2.16,1.23,1.32,1.51,0.81,3.01,-0.69,0.31,-0.16,1.88,-1.55
199204,0.23,2.39,-1.70,-2.33,2.87,-0.57,-2.72,-2.47,-0.06,2.87,-0.02,-0.96,2.89,2.81,1.28,0.49
199205,1.07,0.82,0.52,-2.72,-0.10,-1.61,2.05,-0.22,0.94,0.82,1.78,0.39,3.49,-0.11,2.31,3.24
199206,-1.34,-5.63,-4.34,-4.56,-1.38,-5.40,-4.83,-4.70,-0.47,-3.01,-1.99,-6.59,0.80,-1.41,-3.20,-7.27
199207,-1.82,-4.63,-7.13,-7.75,-5.74,-3.77,-6.84,-8.25,-1.74,-5.66,-9.45,-7.29,-2.83,-6.83,-3.66,-8.82
199208,-1.02,-7.16,-7.57,-8.72,-3.84,-4.32,-5.42,-9.65,-2.64,-3.22,-6.95,-7.00,-8.06,-7.46,-4.62,-10.45
199209,-0.05,-3.47,-2.30,-6.26,-3.54,-2.81,-5.25,-4.03,0.86,-3.19,-3.69,-8.92,-0.04,-3.36,-4.36,-8.74
199210,-0.47,-1.76,4.37,-8.10,1.12,-1.60,-1.14,-2.79,-3.20,-3.07,3.87,0.63,1.14,2.43,-3.60,-3.54
199211,1.67,-0.32,2.02,3.07,0.39,3.33,1.30,0.60,-1.17,-1.22,1.25,0.69,-2.47,-0.43,-1.24,-1.33
199212,-0.82,2.23,0.03,-5.29,-0.46,3.92,-2.25,-5.63,-1.88,1.20,0.48,-2.56,-0.03,-1.50,-0.19,-4.91
199301,-0.82,2.05,3.22,12.24,0.14,-0.30,0.96,4.96,3.69,0.11,3.61,3.73,0.80,0.82,2.55,3.90
199302,-0.03,5.80,4.12,12.00,2.51,1.80,10.90,11.06,3.07,4.87,6.48,8.07,2.16,2.06,9.09,7.99
199303,0.72,5.85,3.36,1.63,2.73,0.73,-0.03,4.60,0.26,1.32,4.08,2.98,3.81,0.55,2.17,-0.93
199304,0.45,0.87,-1.36,-3.15,0.23,0.28,-1.44,0.09,1.69,1.10,-1.20,-3.14,-0.49,-1.83,-2.61,1.05
199305,1.11,-1.20,0.14,-0.52,1.41,0.71,-0.42,-0.47,4.19,2.88,1.49,0.90,2.41,-2.33,-0.65,-5.17
199306,-0.66,2.42,2.00,0.13,1.00,1.33,2.61,-0.93,-0.72,-0.69,0.64,4.39,-2.28,2.17,0.37,2.47
199307,1.86,3.28,5.56,5.46,2.51,4.70,6.16,10.34,6.03,3.73,5.16,11.22,5.79,5.84,10.32,8.61
199308,1.70,3.72,3.49,2.05,0.71,4.18,7.83,5.60,3.11,3.32,4.00,4.85,4.16,7.91,5.35,5.42
199309,2.49,-4.32,-2.16,-0.57,0.34,-2.79,-5.26,-4.22,-0.71,-2.73,-5.03,-3.32,0.72,-2.28,-0.43,-4.20
199310,2.61,8.86,3.31,2.20,4.18,5.90,9.68,3.72,3.54,4.98,9.30,7.24,9.11,4.23,6.38,10.84
199311,2.04,-0.54,3.40,-7.52,-0.19,2.39,-0.58,-2.55,1.34,2.52,3.76,1.47,0.14,0.30,0.01,2.00
199312,3.94,1.70,3.26,2.62,1.93,5.33,1.82,6.49,-0.88,4.87,2.39,6.43,5.76,1.68,8.85,6.13
199401,0.25,0.58,1.18,0.91,3.14,7.60,4.50,2.94,4.33,1.33,0.79,-0.23,1.02,8.01,1.63,5.50
199402,1.26,1.58,-1.83,-1.63,-1.41,5.66,-2.11,-3.71,1.97,-0.19,1.79,-2.67,0.56,2.53,2.48,0.01
199403,-0.20,2.63,2.35,-2.09,2.69,0.45,1.87,-2.55,0.40,0.78,2.69,4.43,-0.20,1.30,3.51,4.78
199404,5.54,1.77,-0.55,-3.81,0.60,2.00,3.75,1.99,0.89,4.98,7.59,6.69,5.13,1.96,5.91,10.75
199405,0.02,-1.18,0.25,-1.83,-1.01,-1.07,-5.03,-2.34,1.93,-1.62,-3.18,-6.77,-3.10,-2.38,-6.20,-4.25
199406,0.55,0.44,-0.86,-2.41,-1.07,0.65,-3.37,-5.68,-2.96,-5.14,-3.90,-3.18,-2.56,-3.50,-1.19,-4.48
199407,1.34,0.93,-0.01,-0.14,2.41,-0.43,1.62,2.41,2.01,5.65,1.63,3.43,-0.15,1.67,1.42,0.86
199408,1.52,1.67,1.95,1.93,1.31,0.33,2.75,3.95,0.76,2.00,2.07,3.19,-0.92,1.54,0.35,3.03
199409,-0.83,-5.52,-6.22,-8.84,-3.88,-4.41,-6.48,-7.14,0.57,-3.03,-5.48,-8.77,-1.74,-3.23,-7.90,-6.81
199410,-1.15,-0.23,-4.53,-1.06,0.98,-3.56,-1.33,0.59,-0.46,-0.95,-0.93,1.47,-1.13,-1.47,-0.96,0.22
199411,-1.21,-3.20,-3.97,-3.07,-2.60,-1.49,-2.71,-1.64,-1.48,-3.10,1.00,-6.22,-1.21,-0.60,-2.24,-2.37
199412,0.29,2.45,0.89,4.08,1.44,0.32,-0.61,4.09,-0.53,1.22,-0.50,2.14,0.23,2.53,2.51,-0.27
199501,-1.99,-5.25,-4.18,-5.22,-0.28,0.74,-2.17,-4.66,-1.66,-2.97,-4.43,-2.54,-3.67,-1.78,-1.69,-2.48
199502,-0.64,2.23,0.69,-4.14,2.87,2.99,0.91,2.84,-2.30,1.75,-0.54,1.31,0.58,0.22,1.78,-1.87
199503,-3.41,-4.31,-7.06,-3.36,-2.39,-6.56,-9.29,-9.58,-0.36,-6.33,-3.47,-11.34,0.69,-5.05,-8.21,-10.65
199504,0.63,0.63,0.42,-2.22,2.04,5.23,3.43,0.08,-0.68,0.57,-1.16,1.59,-2.64,-0.53,3.08,0.50
199505,2.36,1.62,3.34,-1.59,0.78,0.72,3.14,4.53,2.49,0.68,1.88,2.51,0.16,3.36,1.49,5.61
199506,1.53,5.85,2.47,4.96,0.75,3.83,2.90,-0.89,-0.02,-0.03,1.37,1.28,-0.10,0.85,-0.24,-4.29
199507,0.89,0.48,5.13,7.72,0.52,0.04,2.52,7.36,2.33,1.34,0.18,3.51,-0.13,2.11,1.21,5.03
199508,-0.05,0.88,0.13,-0.40,-0.98,-0.36,-0.34,4.00,-0.51,-2.48,1.70,3.03,0.97,-0.13,1.09,2.47
199509,0.13,-1.72,-3.50,-7.71,-0.57,-0.91,0.05,-4.52,-0.63,-0.93,-2.52,-3.95,-2.26,-2.05,-4.55,-4.48
199510,-1.55,-1.65,-7.24,-6.17,-2.09,-5.55,-3.15,-4.08,2.66,-2.65,-7.45,-5.49,-5.91,-3.02,-6.43,-6.34
199511,-0.11,-1.49,-4.61,-3.08,0.51,-1.88,-3.49,-2.88,-1.27,-4.02,-0.73,-1.64,-1.63,-4.12,-2.03,-1.90
199512,1.46,3.14,2.02,1.40,0.47,-2.67,1.96,-1.43,1.15,0.07,0.84,0.42,5.09,0.21,-1.17,1.22
199601,-0.62,3.16,0.32,5.53,1.67,2.01,3.35,7.37,1.46,0.56,2.77,6.93,-1.68,2.00,5.65,5.22
199602,0.66,1.63,-0.21,-1.29,2.13,0.46,4.14,-6.50,0.28,0.10,-3.04,-5.13,-3.14,0.79,-4.99,-1.78
199603,-2.40,-2.61,0.84,-6.10,-2.52,-0.46,-1.90,-3.23,4.06,-1.38,-5.04,-1.14,-4.17,-2.77,2.70,-1.53
199604,-0.20,2.38,-3.61,-1.62,0.29,2.42,1.28,0.56,4.63,3.58,5.09,0.07,-2.72,-0.34,4.83,-0.81
199605,0.09,4.85,-0.47,2.46,-1.27,-0.25,5.16,3.78,4.25,2.01,1.62,3.62,2.46,1.02,0.58,0.60
199606,-1.54,0.82,4.52,-0.10,2.89,3.91,5.04,-0.76,-0.74,0.70,1.53,-1.55,0.47,-0.30,3.03,3.17
199607,-3.87,-1.38,-3.37,-1.17,0.52,-7.61,-5.07,-0.64,-0.66,-5.76,-5.65,-7.90,-4.16,-3.29,-2.59,-9.35
199608,0.02,0.30,-0.44,3.40,-1.99,-2.32,-0.77,2.34,-1.86,-0.35,0.25,3.25,0.76,-2.49,-0.37,-0.88
199609,-3.51,-1.39,-2.64,-0.22,0.47,1.81,3.86,3.53,2.20,-3.91,4.42,2.50,-0.87,-2.02,-0.36,1.63
199610,1.14,-0.62,0.49,-3.77,0.97,-5.04,-2.15,-0.46,-0.99,-1.59,-1.48,-1.35,-1.04,-1.81,-3.27,-7.11
199611,-2.89,1.14,-0.40,3.03,-0.66,0.44,-0.35,3.85,-0.50,3.94,4.15,-0.53,2.75,0.67,-2.63,3.00
199612,2.19,0.45,1.16,2.24,0.02,3.60,-1.50,3.01,5.31,-1.72,0.58,2.18,-2.15,7.65,3.89,4.89
199701,2.48,2.24,6.80,13.48,5.39,2.43,3.72,10.75,1.86,7.57,4.56,9.77,10.29,9.74,9.03,16.03
199702,0.66,3.27,4.54,7.28,1.86,3.64,6.20,2.32,0.25,3.10,5.52,9.49,-1.61,6.64,0.81,6.91
199703,1.04,2.89,5.89,12.14,1.75,4.10,2.21,4.07,2.53,12.72,7.13,3.77,12.47,5.53,8.07,5.67
199704,2.70,-0.16,1.05,1.73,2.61,1.19,-1.50,2.14,0.00,0.69,0.26,1.21,0.85,1.66,0.81,3.92
199705,2.93,3.36,8.73,3.30,4.86,4.45,7.64,4.30,5.90,5.97,8.47,5.97,7.92,6.01,10.54,5.27
199706,2.20,6.07,4.56,2.09,1.21,6.59,5.03,7.61,0.97,2.77,2.89,9.26,3.36,4.58,9.61,9.86
199707,-0.61,2.04,2.41,7.83,2.51,-2.21,5.29,4.88,1.88,3.84,-0.42,4.51,4.04,6.44,5.23,3.96
199708,-1.19,-2.74,-3.31,-2.54,-3.40,-1.31,-2.66,-9.81,0.80,-1.90,-3.82,-6.59,-1.59,-6.22,-7.59,-4.86
199709,0.63,1.32,1.38,4.69,1.43,-1.04,2.38,5.64,1.52,1.49,3.56,0.51,-1.17,-0.62,1.03,1.73
199710,-2.16,-6.28,-1.89,-8.02,0.59,-4.56,-8.59,-4.98,-2.16,-7.99,-4.01,-8.07,-4.17,-4.89,-6.87,-8.16
199711,-2.33,-2.08,2.59,2.22,0.66,0.34,0.37,6.13,-0.32,3.02,3.49,1.04,-4.57,-1.16,0.11,-0.76
199712,0.43,-2.65,-0.03,3.04,1.68,0.37,0.07,-1.70,0.12,0.52,-0.99,-1.17,3.91,-0.87,-1.98,-2.28
199801,-0.57,2.68,4.45,4.09,1.36,4.67,2.09,3.90,-0.94,1.64,-3.11,0.57,-2.46,2.37,1.63,0.15
199802,3.01,3.72,6.75,5.03,0.54,0.20,4.09,8.79,0.86,5.35,6.64,3.10,4.95,2.38,3.69,10.95
199803,2.97,5.07,-0.90,5.66,3.05,3.52,11.16,7.53,5.89,10.33,2.77,9.80,13.75,6.38,4.59,5.09
199804,4.82,4.01,2.59,3.63,4.06,6.44,1.44,7.05,-0.94,3.63,4.35,5.41,2.05,8.74,4.77,7.33
199805,-1.59,3.70,2.62,8.57,1.19,2.29,6.83,7.82,1.71,2.07,5.24,5.79,5.40,-0.29,4.12,11.12
199806,0.24,-1.11,4.94,3.30,-0.80,0.05,2.93,1.10,-0.15,0.31,-2.53,0.00,-1.76,0.26,-2.38,-5.59
199807,-1.10,-3.10,-2.69,1.50,1.41,-0.96,-3.73,2.99,-1.75,-2.02,0.80,-2.01,-1.95,-4.69,-0.99,-2.81
199808,-4.88,-1.12,-13.43,-17.76,-5.83,-4.28,-12.92,-15.27,-5.08,-9.14,-8.18,-11.89,-8.92,-7.11,-9.02,-12.59
199809,-2.97,-1.59,-8.90,-12.26,-1.84,-3.45,-3.00,-5.37,-3.29,-1.03,-4.06,-9.83,-6.44,-5.96,-6.66,-4.52
199810,-1.14,-0.01,3.71,-0.04,-1.25,-0.02,-3.02,4.47,-0.91,-1.41,-0.91,0.58,-0.82,-3.16,0.57,-4.46
199811,3.88,6.30,1.19,14.72,4.55,-1.14,-0.77,2.26,4.89,1.65,3.59,2.28,6.41,8.29,3.75,6.70
199812,-0.30,1.10,0.29,-3.51,-0.83,-1.08,4.39,-2.99,-2.68,-0.51,-2.50,-1.06,1.07,-1.62,-0.75,-0.90
199901,0.93,2.80,-3.07,-5.23,-1.17,-1.31,-6.51,-4.70,-1.88,-0.64,0.03,-3.95,-0.48,-2.96,-4.32,-1.04
199902,0.98,5.93,4.54,-1.40,-0.45,3.32,1.14,1.73,0.65,-3.85,1.50,1.93,2.24,2.70,-1.20,2.36
199903,-1.24,0.25,-2.63,0.50,-1.72,-3.82,-4.24,-3.58,3.19,-0.04,-2.29,-2.00,3.44,-4.12,-2.03,-0.41
199904,-2.26,4.25,7.63,3.76,2.58,3.49,7.85,6.10,4.83,3.14,3.03,12.01,-1.23,7.65,4.97,6.76
199905,1.32,1.59,1.21,-1.79,2.51,3.39,5.71,2.40,-0.41,0.09,5.58,0.60,-0.92,0.86,2.29,-4.05
199906,-2.94,1.30,0.92,-2.90,0.51,3.68,1.47,1.39,-1.01,1.28,-0.32,5.91,4.41,2.85,3.77,-0.15
199907,-0.56,-4.78,2.28,-4.98,2.36,2.70,0.93,-1.19,1.67,0.10,1.30,-0.95,-0.21,0.02,-2.67,-0.70
199908,-3.70,-3.76,2.51,4.15,1.84,-1.05,4.03,1.51,4.39,-2.02,-1.37,3.00,-1.64,-1.41,0.26,-0.80
199909,5.58,-7.41,-1.42,-9.80,-0.41,-0.90,-3.77,-7.39,-4.21,-1.25,-0.72,-1.55,-4.59,-1.93,-3.92,-5.46
199910,-0.64,3.41,-5.16,5.53,0.49,-1.94,-0.28,4.47,0.59,1.48,-0.50,3.99,0.90,-1.08,-0.81,-4.54
199911,-0.44,-3.31,-0.66,5.50,0.54,0.59,-0.80,-8.18,-2.82,-3.72,-5.18,-1.87,-1.94,-2.88,-5.22,-4.71
199912,3.98,-0.42,1.03,4.46,2.80,5.85,2.15,6.55,-2.73,-1.81,0.12,5.56,2.31,-1.17,-0.95,2.44
200001,0.38,-3.17,-5.38,9.36,-0.38,-4.55,-3.58,-3.23,6.16,0.10,-0.45,-5.20,-1.01,-0.13,3.18,-3.87
200002,-2.33,-5.79,-3.61,9.37,2.95,-3.39,-1.71,-2.23,3.80,-1.70,0.20,1.48,-0.28,-4.17,-3.46,-0.30
200003,1.76,0.35,7.94,-0.14,4.38,7.71,1.19,8.72,1.61,3.51,4.82,2.67,6.04,-1.16,2.85,12.91
200004,0.68,0.48,4.62,-2.20,3.80,-0.49,0.84,1.61,-1.73,4.51,1.58,0.05,-1.14,8.56,2.21,-0.80
200005,2.14,2.21,0.69,-3.55,2.34,1.98,0.16,5.74,0.65,1.58,0.40,2.06,2.25,1.35,5.27,-0.09
200006,1.85,4.46,-8.94,-2.45,0.32,-1.02,-2.65,-2.46,-1.45,0.71,-0.39,-2.31,2.00,-3.01,-1.30,-0.48
200007,0.95,-2.27,7.39,9.68,2.94,2.68,4.02,6.35,0.80,1.35,0.74,2.99,-3.57,-3.26,1.92,2.74
200008,1.11,5.24,-2.81,-5.36,-0.79,2.84,4.62,2.16,1.80,0.47,1.07,3.84,0.66,2.81,1.60,0.28
200009,-0.50,4.63,-1.53,-3.03,-2.32,-1.03,-6.52,-7.97,-0.08,-1.54,-0.67,-2.71,-0.50,-2.30,-5.25,-4.58
200010,1.91,-0.05,-5.55,-7.77,1.46,-0.39,1.29,-5.21,-2.71,-1.17,-0.81,1.20,-1.01,-2.15,-1.34,-2.29
200011,-3.95,3.26,-15.45,-18.87,0.21,-2.51,-5.60,-13.53,-2.30,2.27,-1.23,-5.09,-1.79,-1.56,-2.99,-7.38
200012,-5.65,0.07,10.25,-6.66,3.29,-0.47,-4.15,-5.73,-2.03,0.53,-1.88,0.95,-3.29,-3.78,-1.84,-0.19
200101,1.62,-4.00,-11.65,9.99,1.16,2.91,9.83,12.82,2.16,3.18,3.09,5.93,5.82,9.29,6.49,8.39
200102,5.13,3.76,-7.47,-4.53,3.68,0.42,-5.71,-11.89,1.85,-1.13,0.70,-3.19,0.66,3.75,3.23,5.66
200103,-5.24,-9.10,-4.39,-12.37,2.34,-1.37,-3.08,-8.01,-0.02,1.20,-0.34,-6.71,0.40,-2.66,-1.64,-8.30
200104,3.29,-0.64,-4.21,6.71,2.10,3.94,-3.64,3.45,3.24,1.39,1.39,2.03,0.89,2.91,1.69,1.09
200105,3.83,-1.67,-4.36,-1.36,2.13,3.51,0.80,-2.38,0.76,-0.87,2.59,1.47,4.67,0.97,1.41,1.08
200106,-0.90,5.01,4.43,-6.69,1.99,-2.45,-3.14,-6.08,2.60,5.33,2.60,-3.74,-2.70,-0.90,-2.93,-3.13
200107,-3.42,1.92,-4.74,-11.53,0.92,-3.15,-6.09,-9.80,-3.46,-4.70,-1.55,-10.27,-5.33,-1.56,-3.70,-9.38
200108,-4.34,-1.34,-6.05,-15.52,-1.87,-5.64,-6.04,-15.96,-1.51,-3.36,-2.31,-17.96,-3.01,-4.29,-4.66,-11.00
200109,-6.14,-4.10,-11.29,-18.39,-3.81,-8.73,-11.62,-11.70,-4.73,-11.45,-10.68,-13.35,-7.33,-11.32,-11.65,-14.24
200110,2.22,1.40,5.05,17.14,0.21,1.41,3.18,10.65,1.48,0.45,5.17,12.11,-1.63,5.04,6.62,15.89
200111,2.00,3.55,2.79,13.83,0.69,-0.61,5.83,5.20,-0.99,1.18,3.48,5.71,0.52,2.39,5.01,12.43
200112,1.47,-3.53,-3.17,-4.03,5.10,-1.82,-0.09,-10.61,3.09,-0.27,-0.96,-13.35,0.05,-0.18,-1.46,-18.30
200201,1.35,-0.15,0.31,2.72,-1.92,0.07,2.01,8.64,1.24,2.67,4.56,8.80,11.18,2.96,5.77,9.85
200202,-4.90,-0.61,2.62,-5.92,1.94,-2.08,-3.41,-12.60,-1.23,-1.99,-0.86,-4.50,-2.15,-0.50,-2.38,-7.33
200203,1.10,1.13,6.77,1.54,-0.88,0.91,-0.14,3.68,0.28,0.90,5.09,5.73,0.38,0.75,0.45,-2.85
200204,-3.33,-2.82,-1.31,-11.35,1.19,-2.27,-4.01,-7.71,-0.88,1.00,0.01,-7.79,0.98,4.39,0.62,-16.11
200205,1.97,-1.53,-1.48,-10.73,0.01,-1.53,0.67,-6.16,-0.14,1.13,4.69,-5.17,2.95,-2.83,-2.14,-0.25
200206,-5.75,-4.35,1.42,-15.47,-1.64,-1.90,-7.96,-11.57,0.24,-1.87,-3.73,-14.23,-1.01,-4.14,-8.26,-7.10
200207,-2.37,-10.14,-13.47,-7.98,-2.06,-8.18,-10.14,-11.45,-3.14,-7.26,-7.45,-7.92,-5.57,-7.15,-11.28,-5.20
200208,-0.36,-4.72,-0.43,-8.52,1.21,0.33,-1.68,-2.24,-0.28,-3.69,-1.29,-2.31,1.88,-2.01,0.72,-3.43
200209,-3.11,-7.25,-15.23,-28.76,-4.99,-13.15,-17.11,-20.72,-1.55,-10.69,-17.72,-19.45,-8.97,-12.25,-12.99,-19.42
200210,-0.97,0.07,3.97,26.90,1.39,7.31,5.68,20.09,3.43,3.19,9.74,11.59,-2.75,-0.76,2.73,20.03
200211,-2.55,0.47,-1.52,8.25,1.07,-5.27,4.99,-0.78,1.04,2.42,2.64,2.96,-0.30,5.49,2.79,7.38
200212,-1.42,-8.15,-8.25,-17.97,-3.13,-10.44,-7.81,-8.04,-4.49,-2.50,-3.24,-13.04,-5.14,-4.32,-13.51,-8.52
200301,-2.00,-2.33,-4.73,-1.66,0.34,1.22,-1.25,-0.20,-1.46,-1.75,-2.12,-2.52,-1.99,-1.92,0.42,0.25
200302,-2.22,-1.94,-5.74,-7.55,0.45,-3.37,-7.12,0.86,-1.88,-5.13,-5.87,-2.55,3.00,-1.39,0.21,-1.06
200303,0.91,-1.43,-1.44,-4.19,-1.90,-0.27,-2.04,5.17,-2.52,-2.33,-1.68,-1.42,-0.65,4.13,-2.82,-1.58
200304,6.85,6.06,15.21,21.94,4.34,8.23,13.04,19.06,5.05,12.72,17.75,22.55,5.15,13.27,22.07,22.41
200305,2.88,2.68,5.29,2.59,6.48,5.45,3.85,6.80,2.19,0.85,4.99,7.19,2.37,2.45,9.12,8.12
200306,0.45,6.99,6.67,15.58,1.26,6.43,12.38,16.88,5.08,2.45,12.34,18.67,6.50,9.20,14.74,22.58
200307,0.33,2.55,6.39,6.17,4.33,3.38,5.51,6.97,-1.09,4.78,9.67,7.51,9.83,9.57,8.36,6.26
200308,1.84,1.20,4.91,11.79,1.23,7.96,7.36,11.25,3.17,1.32,3.79,15.28,13.09,7.37,5.50,13.93
200309,0.48,6.10,3.00,-4.21,1.40,4.20,1.86,-0.77,6.32,8.33,0.20,2.13,-0.82,5.43,5.50,6.65
200310,2.27,5.31,11.69,13.12,1.96,4.87,6.22,10.45,7.97,3.81,9.31,10.07,-1.42,3.05,8.92,7.03
200311,-0.14,1.52,-1.05,2.27,0.29,0.74,5.47,2.86,0.07,1.77,5.25,3.23,2.51,0.46,0.05,2.67
200312,-0.34,-0.21,1.81,-5.82,2.31,0.38,-1.47,-5.06,6.18,-3.18,-0.21,-0.82,-2.88,-2.09,-0.27,-5.19
200401,3.22,4.08,10.56,13.10,4.94,7.42,11.36,12.32,6.56,6.56,10.10,14.90,8.33,8.83,14.06,19.49
200402,4.35,4.48,7.23,1.63,3.84,2.57,2.56,4.27,5.44,5.98,5.60,5.29,9.56,5.26,9.75,10.89
200403,0.54,-0.56,-2.78,-8.35,2.04,-1.97,-3.67,-5.03,1.83,1.54,-1.87,-5.08,7.26,-1.36,-1.38,-6.52
200404,1.32,2.79,5.52,0.85,1.56,2.45,3.76,-2.54,1.21,-0.66,-0.53,-1.35,3.34,-1.17,1.93,-8.35
200405,-0.85,0.33,-2.28,-9.30,-0.30,0.74,-2.34,-3.48,4.20,-0.78,-0.46,-7.18,-2.94,-1.56,-3.43,-6.29
200406,2.35,1.44,3.88,-0.18,1.90,4.40,2.18,2.24,1.31,3.84,0.84,2.82,7.30,2.68,3.80,2.06
200407,-0.82,-2.04,-7.92,-6.20,-0.15,-0.45,-0.46,-8.92,-2.18,-4.12,-4.43,-3.53,-0.45,-0.82,-4.56,-11.21
200408,-1.34,-2.47,-2.79,-8.49,-4.62,-1.36,-3.82,-5.50,-2.89,-3.34,-3.78,-6.46,0.03,-4.18,-2.77,-5.58
200409,0.55,1.80,0.35,0.37,-0.34,0.35,0.53,4.18,0.09,0.57,-0.35,0.71,-0.04,1.66,6.04,-1.85
200410,0.42,-0.37,3.09,3.31,0.77,0.44,3.38,1.67,1.56,3.67,0.88,0.81,1.89,1.93,5.38,-0.40
200411,4.21,5.53,3.65,4.27,5.63,4.84,9.17,4.17,3.69,2.19,4.24,3.39,4.37,3.24,4.50,2.62
200412,1.59,0.93,1.20,-0.88,2.54,0.93,3.08,-1.35,3.43,2.52,1.61,-2.18,4.55,1.01,0.09,1.02
200501,0.67,5.00,9.40,10.10,4.30,8.28,6.05,7.86,5.57,8.00,12.44,10.53,6.15,3.51,10.87,11.72
200502,2.23,3.37,9.77,6.01,4.47,3.00,9.46,5.15,3.82,2.48,5.61,9.98,7.08,8.60,10.59,15.61
200503,3.88,0.29,-1.69,-1.45,5.42,-0.28,2.67,1.66,-0.08,0.54,-0.93,0.73,2.10,-2.62,0.61,0.44
200504,4.34,2.32,-2.71,-5.05,0.43,-1.64,-2.01,-4.50,-2.10,-2.37,-5.07,-8.58,-0.46,-0.31,-3.94,-1.08
200505,4.95,4.09,4.17,5.73,2.93,2.81,2.13,5.95,2.50,2.76,6.01,5.57,1.36,4.52,8.40,10.13
200506,0.60,1.63,6.39,5.25,2.50,5.19,5.27,2.59,8.95,5.12,6.59,6.44,4.12,3.67,3.82,11.40
200507,1.90,6.18,5.82,5.94,4.65,5.83,5.62,6.83,4.14,2.33,4.60,5.51,7.76,7.60,9.47,6.20
200508,4.95,0.37,-0.16,-0.01,4.17,2.24,0.18,0.58,-0.24,3.89,2.26,1.09,1.77,2.60,1.38,-4.56
200509,4.33,2.11,7.57,2.53,4.43,2.66,4.43,2.76,1.40,2.19,2.40,4.26,-0.81,6.47,0.70,2.84
200510,-1.49,-1.97,-5.45,-5.20,-0.11,-2.63,-3.80,-3.81,0.49,-3.46,-2.30,-1.42,-0.65,-0.12,-4.48,6.56
200511,0.17,2.83,4.30,-0.39,0.36,1.69,1.98,0.78,3.83,-2.49,4.89,-1.26,3.33,2.47,4.63,2.82
200512,3.83,1.18,3.43,-0.28,2.20,1.50,5.72,5.35,0.79,2.69,3.65,3.07,-0.84,-0.61,-0.17,-3.44
200601,6.09,9.04,10.56,8.77,9.36,2.27,7.41,9.70,4.39,6.90,6.82,7.73,1.92,2.86,6.97,5.34
200602,5.99,4.14,5.49,6.10,9.48,6.34,6.69,4.84,3.43,2.01,6.12,5.89,6.92,6.35,6.64,5.16
200603,2.94,10.90,3.46,1.69,3.27,2.68,3.87,2.64,2.92,7.26,7.02,2.53,2.61,5.05,3.90,1.45
200604,4.37,2.14,2.33,-0.68,0.19,1.48,1.14,-0.39,5.20,2.65,0.02,1.71,4.07,5.62,3.71,-1.71
200605,-1.11,-5.29,-9.02,-10.55,-3.66,-6.10,-7.16,-11.64,-2.99,-4.03,-9.40,-4.05,-3.97,-6.42,-6.52,-8.74
200606,0.01,0.34,-4.47,-2.72,-0.03,-1.14,-4.30,-3.66,-2.07,-4.29,-0.48,-2.64,-1.90,0.47,-3.46,-4.22
200607,-2.74,-1.90,-0.43,-2.60,0.85,0.90,-5.13,1.38,2.45,-0.43,-0.84,-1.98,-1.24,-2.66,-1.23,-0.80
200608,5.29,-0.30,4.06,-0.50,1.44,0.32,2.57,-2.07,-2.55,3.11,3.02,0.43,1.94,3.17,2.41,3.40
200609,1.51,-2.38,1.71,3.12,4.91,1.13,-0.29,3.59,0.52,1.98,1.38,0.88,-0.59,3.87,5.30,-0.72
200610,-0.41,1.08,1.57,2.28,-0.90,-0.24,0.97,0.31,4.59,2.60,5.57,1.80,2.23,1.14,-2.33,5.48
200611,-0.45,3.53,0.25,2.36,1.80,0.77,0.66,3.25,1.27,3.36,-2.51,3.92,-2.31,1.66,0.18,-0.40
200612,4.45,2.75,4.93,5.21,2.88,2.96,4.96,3.19,1.11,1.74,1.75,1.67,3.75,3.04,0.63,1.66
200701,6.89,0.81,5.97,8.33,4.57,3.61,7.73,9.29,4.31,1.43,5.07,7.47,8.13,4.53,8.57,8.05
200702,-2.32,-2.06,2.18,-0.48,0.71,-0.87,5.74,-0.04,-0.34,0.29,-1.11,-0.11,0.39,-0.19,-2.90,1.97
200703,9.26,3.09,3.29,5.32,1.63,3.28,2.68,6.41,15.88,5.13,5.07,5.76,3.21,4.11,8.52,4.73
200704,1.74,3.08,5.40,5.00,6.68,2.11,2.71,1.88,3.85,6.10,3.32,2.88,2.54,0.88,10.35,5.62
200705,-0.69,-0.20,2.54,0.40,0.38,-0.63,3.81,3.87,0.47,3.79,3.82,-0.20,4.39,2.87,-0.69,-0.35
200706,-2.31,-2.52,1.08,0.08,-2.27,-1.40,0.98,-3.05,-0.66,1.15,0.72,-4.95,2.69,-1.96,1.24,-1.33
200707,-3.15,1.37,-1.95,-4.22,-2.65,-1.14,0.72,-2.58,0.95,1.80,-1.36,-0.58,0.07,-2.21,-1.77,-0.16
200708,-6.89,-3.24,-4.40,-7.36,-3.70,-2.03,-4.62,-4.52,-8.03,-5.37,-3.77,-4.00,-6.00,-3.50,-0.29,-6.50
200709,-0.22,0.71,-0.15,0.82,-1.80,1.32,-0.99,-0.38,-1.14,0.27,0.56,3.55,-2.26,-0.20,0.01,-2.15
200710,1.50,3.61,-0.42,-0.79,-1.50,1.69,3.21,5.57,-2.67,1.29,2.05,5.45,-0.05,1.43,6.10,6.32
200711,-6.09,-7.69,-6.57,-3.97,-5.52,-5.04,-7.96,-5.69,-5.07,-7.33,-9.93,-9.96,-4.16,-9.89,-10.73,-6.99
200712,1.15,-1.88,-2.17,2.98,0.89,2.14,-2.25,-0.24,-0.32,1.65,4.92,0.00,-1.87,2.17,-0.37,2.58
200801,-9.86,-11.61,-10.71,-12.93,-5.75,-14.63,-13.09,-13.90,-4.05,-10.55,-11.78,-15.06,-6.19,-8.44,-11.12,-12.27
200802,0.34,4.99,-0.88,1.40,2.62,0.44,1.86,0.43,-1.15,2.76,3.24,2.07,-1.22,0.40,5.07,4.55
200803,-6.72,-2.32,-2.63,-5.05,-3.22,-2.21,-0.76,-5.15,-1.18,-2.23,-3.16,-2.74,-1.32,-6.61,-1.92,-4.75
200804,0.74,2.59,-2.23,9.36,1.71,7.52,8.17,3.50,0.15,8.36,2.04,9.81,-0.11,-0.58,0.21,6.85
200805,-1.47,1.41,3.11,3.88,1.88,1.19,4.08,2.95,3.18,2.05,0.73,2.32,0.02,4.00,-0.48,4.29
200806,1.68,-6.85,-13.74,-6.99,-4.94,-4.79,-11.58,-9.01,-3.06,-6.93,-5.55,-6.64,-1.70,-5.31,-2.96,-7.91
200807,4.66,-6.33,-4.99,-0.17,-5.34,-4.14,-2.36,-2.15,-4.03,-3.95,0.65,-0.35,-1.31,-3.46,-7.06,-0.72
200808,-1.22,3.43,-1.58,2.65,0.25,1.16,2.85,4.82,1.81,-1.38,1.35,3.61,-0.79,3.81,2.04,2.53
200809,-5.89,-6.49,-12.93,-18.55,-10.08,-11.30,-15.59,-20.69,-11.61,-12.03,-13.21,-16.55,-10.55,-12.67,-16.42,-18.83
200810,-10.03,-15.15,-23.67,-22.66,-14.09,-16.41,-17.59,-19.82,-15.77,-14.34,-14.83,-20.49,-14.32,-16.60,-21.00,-15.57
200811,2.35,-0.03,0.09,-7.13,-3.86,-2.09,-5.54,-4.67,-0.13,-2.24,-1.91,-8.29,-4.06,2.11,-9.13,-7.01
200812,-0.14,4.39,7.09,10.80,0.11,1.52,17.47,4.51,-0.45,5.01,7.02,10.54,1.33,1.24,13.58,4.09
200901,-2.35,-2.18,-9.16,-7.70,-4.69,-4.86,-11.51,-7.26,-1.13,-9.22,-5.27,-14.78,0.26,-3.42,-4.85,-10.72
200902,-2.09,-7.54,-8.70,-4.49,-4.22,-9.49,-2.61,-5.28,-5.21,-6.62,-2.89,-6.05,-9.67,-6.86,-8.79,-15.99
200903,-2.32,2.98,4.35,3.20,-1.18,-1.23,3.81,4.35,5.48,-0.67,2.88,5.59,-0.11,0.99,0.11,10.48
200904,11.09,7.73,14.37,27.64,7.49,9.99,11.11,16.67,6.46,12.65,16.05,26.47,4.37,5.66,27.04,23.47
200905,0.46,8.18,8.07,10.85,7.20,3.34,5.43,10.04,11.65,12.10,2.41,8.81,11.37,13.85,12.01,11.78
200906,2.03,-0.34,-0.24,-3.27,-2.14,0.54,1.74,2.06,-1.51,4.99,3.97,-3.20,1.56,5.38,-2.86,1.18
200907,0.92,4.60,5.19,10.84,-0.22,7.65,6.14,8.03,0.82,1.91,6.47,8.89,-1.56,0.65,10.39,7.50
200908,-2.42,0.69,2.69,8.93,3.31,4.33,5.14,11.08,3.71,3.05,4.50,15.57,13.92,7.55,9.36,11.47
200909,1.74,5.50,2.86,11.22,4.75,3.85,3.09,5.95,-0.71,1.36,5.56,7.08,10.68,1.38,6.74,11.27
200910,0.70,-0.12,2.72,-3.93,-3.10,-4.37,0.30,-3.79,0.26,1.84,-0.10,-2.04,1.28,3.60,-0.36,-8.53
200911,0.93,-1.60,0.47,6.03,0.62,3.51,5.03,4.06,-0.24,4.32,6.49,6.85,0.18,4.53,0.78,2.21
200912,-1.47,4.96,2.13,-0.09,4.91,1.28,3.11,3.37,0.98,5.66,2.47,2.16,-0.21,1.64,2.18,0.78
201001,-1.64,-0.97,0.67,-0.73,0.13,1.11,3.75,3.98,-0.57,-0.49,5.79,-1.48,11.86,1.39,-0.14,1.26
201002,1.48,1.75,3.24,-0.90,1.33,2.12,0.54,1.32,2.16,-1.68,1.72,-0.94,7.55,3.40,-0.12,-1.30
201003,4.10,3.82,6.19,14.07,5.04,4.14,9.25,7.07,8.16,5.91,5.11,11.52,1.98,4.88,10.76,14.52
201004,-1.95,-2.29,0.12,-3.01,1.11,0.19,4.59,3.72,11.26,0.18,0.31,4.01,3.22,1.96,-0.17,4.61
201005,1.75,-0.72,-1.86,-3.16,-0.04,-4.80,-3.08,0.23,2.12,-1.98,-2.90,-5.65,-1.59,-1.92,-2.30,-5.28
201006,2.27,1.05,1.99,0.57,2.26,0.16,1.00,-0.71,-0.72,8.88,4.26,3.33,0.10,5.39,1.89,1.47
201007,0.54,1.83,4.25,4.07,2.99,2.27,4.24,8.40,2.05,2.98,2.02,7.09,0.19,3.87,2.36,6.78
201008,-0.32,-0.68,-3.10,-4.99,0.26,-0.92,-2.59,0.49,0.47,-0.30,-1.25,2.04,1.37,3.32,1.23,-3.40
201009,4.74,6.13,4.05,10.32,2.89,1.80,2.68,8.02,3.66,4.01,3.25,5.42,1.41,2.79,3.19,3.63
201010,2.92,2.88,5.66,4.57,-0.63,6.41,3.47,8.22,-0.62,8.94,5.59,4.89,8.53,2.56,3.92,6.90
201011,2.50,4.40,2.35,-6.03,-0.12,1.41,-1.54,0.66,-0.51,2.55,2.23,0.75,0.92,5.93,-2.00,5.18
201012,2.27,4.34,1.71,8.89,3.36,3.58,7.44,7.71,1.18,2.99,3.50,4.56,-1.29,6.15,7.24,6.85
201101,1.21,5.21,3.73,2.15,2.07,2.77,1.04,0.51,3.54,5.80,2.38,3.04,3.16,4.22,1.06,4.03
201102,1.17,5.01,2.19,4.73,1.34,1.87,0.75,6.38,4.58,1.06,0.27,2.05,0.57,5.86,2.55,2.25
201103,-1.36,3.38,-0.42,1.62,1.48,-2.28,-0.70,2.25,0.52,0.28,-0.49,0.47,3.25,-1.00,0.43,-4.89
201104,2.87,7.04,3.66,3.16,1.87,2.54,4.57,2.81,0.23,5.74,3.31,1.36,2.67,5.27,6.42,0.49
201105,-2.43,1.67,1.39,-3.36,5.70,-0.84,1.24,0.92,3.92,-0.47,3.13,-3.01,0.71,2.35,8.53,-0.51
201106,-3.46,-4.34,-1.70,-1.80,-3.96,-3.94,-3.25,-2.33,-2.36,-0.81,1.42,-3.25,2.24,-0.79,-6.19,-0.73
201107,-0.24,0.22,-2.02,-8.42,-1.96,-3.63,-1.78,-5.53,-0.80,-5.51,-3.22,-6.29,1.56,-0.52,-5.60,-8.85
201108,-6.54,-4.23,-10.12,-11.63,-5.13,-10.51,-9.86,-14.28,-4.20,-6.74,-9.91,-14.90,-4.86,-5.94,-9.30,-14.03
201109,-3.74,-3.95,-3.28,-10.93,-2.42,-6.23,-4.68,-8.01,-4.15,0.26,-4.47,-10.11,-5.67,-0.99,-5.47,-5.13
201110,6.43,6.60,6.42,7.24,1.95,3.29,6.68,7.88,1.60,0.77,-0.12,6.36,1.34,-0.45,3.90,3.04
201111,-3.34,-3.28,-2.68,-1.26,-1.62,-4.17,-2.89,-5.85,0.71,-1.10,-6.49,-6.78,1.00,-2.83,-5.31,-5.65
201112,-4.17,1.07,-2.69,-2.07,1.57,-1.97,-0.37,-4.41,1.22,-0.01,-1.10,-3.34,1.11,2.67,-1.20,-1.84
201201,2.79,7.40,8.30,10.67,0.65,9.14,9.68,16.88,2.81,5.77,11.31,9.76,5.32,4.81,3.96,7.96
201202,11.82,4.24,6.48,7.32,2.62,4.61,4.06,7.03,2.50,2.92,7.61,7.64,2.26,4.12,6.99,6.67
201203,-0.40,2.43,-0.23,0.56,-0.40,-0.36,3.86,2.10,-1.25,0.93,1.08,-0.65,1.48,3.87,0.66,-0.38
201204,2.01,3.25,-1.52,-0.91,0.19,2.50,2.79,0.13,0.77,0.30,-1.74,-3.43,0.02,0.90,-2.07,-5.67
201205,-1.50,-2.99,-3.13,-4.89,-2.54,-4.45,-5.63,-13.35,-4.63,-3.94,0.93,-6.63,0.54,-2.56,-3.77,-2.46
201206,-2.05,-2.40,-0.46,0.68,-0.67,-1.19,-1.86,-3.68,1.14,-0.52,-1.52,-0.19,-0.87,2.12,2.20,-1.33
201207,0.61,2.55,3.48,-2.16,3.43,3.87,1.16,4.79,3.82,2.70,1.86,2.42,-2.03,8.44,4.62,3.44
201208,2.94,-0.97,2.01,3.05,0.59,0.14,-0.06,-0.09,-1.08,1.06,0.16,0.72,5.14,5.10,-3.67,-1.06
201209,4.24,3.74,1.96,3.34,2.55,0.94,3.94,1.02,0.92,0.60,-1.24,1.25,-1.96,-1.70,2.32,4.27
201210,1.56,-2.65,-1.92,2.51,2.15,1.12,-0.20,-1.99,-1.95,2.76,-0.83,0.52,3.64,2.62,5.23,-0.62
201211,-0.17,0.03,1.19,4.09,1.19,1.95,2.95,2.30,0.33,3.92,-2.37,-0.70,-0.09,-1.06,-5.83,-0.04
201212,1.94,1.13,2.68,3.70,0.65,1.24,0.70,2.27,1.27,1.67,0.86,2.84,5.73,2.57,-3.57,2.20
201301,2.02,5.30,4.99,3.18,2.87,3.89,7.12,6.69,2.51,5.66,10.91,9.28,18.41,10.85,18.36,11.27
201302,0.67,4.58,3.35,-0.85,1.40,1.22,4.93,4.55,4.32,2.40,0.94,1.76,5.68,2.06,7.64,3.95
201303,0.98,1.15,-2.13,-2.66,4.03,0.21,-1.25,-5.40,-2.59,0.41,0.93,-3.41,3.90,0.92,0.77,-7.04
201304,-0.28,-0.72,0.05,-0.06,0.07,1.17,1.81,3.65,0.46,-0.37,0.56,0.70,-3.22,-1.05,-2.82,-2.18
201305,0.51,1.08,3.52,6.91,-1.52,1.64,3.47,8.01,1.44,2.42,1.43,6.14,0.52,7.08,1.82,4.04
201306,0.21,-1.91,-3.33,-0.38,-0.18,0.44,-3.48,-4.19,2.05,-1.94,-4.48,-3.07,-0.95,-1.40,-3.22,-8.50
201307,5.66,2.73,1.07,2.79,-5.66,5.73,2.68,2.09,1.22,-0.80,1.95,5.96,-0.84,5.46,5.13,1.50
201308,-3.42,2.51,6.30,1.99,1.54,0.22,2.07,2.35,0.55,0.16,-0.03,4.19,4.08,5.31,-1.82,-0.82
201309,3.73,2.32,0.75,8.81,1.93,3.38,4.11,5.88,1.63,4.12,4.70,10.58,3.57,9.09,8.14,4.72
201310,1.69,3.29,7.93,8.45,2.83,4.78,6.28,4.21,2.30,2.92,5.61,9.24,1.05,7.49,4.92,4.72
201311,2.91,2.37,0.38,3.24,2.20,1.05,2.52,2.73,1.16,3.53,-0.25,5.65,-4.31,2.23,2.43,6.79
201312,2.70,2.78,2.35,2.52,1.72,-1.10,-0.89,-0.09,0.81,-0.14,-1.89,-2.50,3.04,-3.49,-2.30,-1.98
